"Var1","Var2","Var4","Var9","Var10"
"M","D",47,10,4
"F","B",18,5,3
"M","B",15,5,3
"M","B",22,5,5
"F","B",25,9,5
"F","B",38,13,3
"F","B",15,12,4
"F","A",18,10,5
"F","A",36,1,2
"M","B",19,9,5
"M","B",24,5,5
"M","A",24,19,5
"F","A",25,11,3
"M","C",25,7,3
"F","A",18,3,3
"F","B",47,22,3
"F","B",16,3,3
"F","B",21,4,4
"F","D",15,1,4
"F","C",15,5,5
"M","C",19,6,5
"M","B",24,6,5
"M","C",17,6,5
"M","D",16,2,3
"M","B",20,8,5
"F","A",31,22,2
"F","B",17,2,4
"M","B",20,11,5
"F","A",37,10,3
"F","A",16,6,3
"F","C",17,10,5
"F","A",41,29,3
"F","A",30,1,3
"M","C",22,15,5
"M","C",26,17,3
"M","A",60,29,4
"F","D",18,2,4
"M","B",24,12,4
"F","C",25,15,5
"F","A",20,8,5
"M","B",29,13,4
"F","A",28,1,3
"F","A",25,17,5
"F","C",41,4,3
"F","C",43,13,5
"M","B",15,3,3
"M","C",18,4,5
"F","C",17,4,5
"F","A",24,8,4
"F","A",16,11,3
"F","C",18,6,4
"F","C",32,7,4
"M","A",15,6,5
"F","B",30,13,4
"F","C",23,4,5
"F","C",28,4,4
"F","B",31,12,3
"F","A",27,2,2
"M","C",33,12,5
"F","B",22,6,3
"F","D",24,5,5
"M","C",21,8,5
"F","A",24,5,5
"F","C",17,2,4
"F","A",28,9,3
"F","A",21,4,3
"F","B",25,12,3
"M","C",15,9,4
"M","B",17,3,3
"M","B",16,14,4
"M","C",42,11,3
"F","A",26,3,3
"F","B",19,6,3
"M","D",16,6,5
"M","C",39,15,5
"M","A",25,12,5
"F","A",17,2,3
"F","C",23,9,5
"F","B",26,3,2
"F","D",32,10,5
"M","B",19,7,5
"F","B",15,4,4
"F","A",28,10,4
"M","D",19,1,3
"M","B",66,45,4
"M","B",15,5,5
"F","A",15,2,4
"F","A",25,11,3
"F","B",19,2,3
"M","C",20,8,5
"M","B",26,30,5
"F","B",24,11,5
"M","A",16,4,5
"M","B",15,11,5
"M","B",23,4,5
"F","C",27,8,3
"F","D",22,2,4
"F","A",51,14,5
"M","C",23,3,4
"F","A",17,10,4
"F","B",30,9,2
"M","B",16,4,3
"F","A",38,1,2
"F","D",30,13,4
"F","B",19,2,3
"M","B",20,3,3
"F","B",19,4,3
"M","A",15,6,5
"M","A",18,13,4
"F","B",16,4,4
"M","C",25,10,4
"F","A",32,17,4
"M","A",16,2,4
"M","A",33,11,5
"F","A",25,0,1
"M","A",26,4,3
"F","A",43,1,3
"F","A",33,7,4
"F","B",21,6,4
"F","C",28,18,5
"F","B",24,4,5
"F","A",32,3,2
"F","A",16,1,4
"M","C",29,6,2
"F","A",50,11,4
"M","B",19,10,5
"F","B",44,24,4
"M","A",15,23,4
"F","B",16,4,3
"M","A",30,6,1
"M","A",17,10,5
"F","A",19,4,3
"F","A",36,3,3
"F","B",33,11,3
"F","A",15,1,3
"F","A",25,7,4
"M","B",32,2,4
"M","C",15,14,4
"F","A",20,2,4
"F","A",33,7,2
"F","B",27,10,4
"M","D",20,13,5
"M","D",30,1,3
"M","C",22,11,5
"F","B",15,2,3
"F","A",28,9,3
"F","B",19,5,4
"F","A",27,1,3
"F","B",15,2,4
"M","B",19,10,5
"F","A",32,9,4
"F","A",31,7,3
"M","A",30,10,4
"F","B",16,4,3
"M","C",16,4,5
"M","C",21,10,5
"M","C",15,7,5
"M","A",27,12,3
"M","A",17,4,4
"F","D",24,4,4
"M","B",16,4,5
"F","B",21,1,4
"F","C",35,8,2
"M","D",19,4,5
"M","B",21,11,4
"F","A",36,11,4
"M","B",25,14,3
"M","A",28,21,5
"M","C",19,2,3
"F","C",16,20,5
"F","A",29,7,3
"F","C",15,2,3
"M","A",24,7,4
"M","B",51,11,5
"M","A",17,16,5
"F","B",25,4,4
"M","A",18,5,3
"F","A",27,5,3
"F","D",39,12,3
"M","A",30,8,4
"F","B",48,7,3
"M","A",16,4,5
"F","B",34,12,2
"F","B",26,1,2
"M","C",28,7,5
"M","A",20,10,4
"F","B",24,12,3
"F","A",20,8,3
"M","A",30,1,3
"F","B",16,4,5
"F","D",24,12,5
"M","C",21,10,5
"M","C",22,12,5
"M","D",15,12,5
"M","A",17,2,4
"F","B",19,7,3
"M","A",27,9,3
"F","B",18,5,4
"F","B",18,7,4
"F","B",35,9,5
"F","C",16,12,5
"F","A",18,5,4
"F","C",33,14,4
"M","B",56,12,5
"F","A",29,16,3
"F","A",29,9,3
"F","B",21,3,3
"M","A",18,17,5
"M","B",21,2,4
"M","B",21,13,5
"F","A",25,13,4
"F","C",31,9,5
"F","B",33,2,3
"F","A",26,7,4
"M","C",25,5,3
"F","A",15,2,4
"M","D",21,12,5
"M","B",19,1,3
"F","A",36,1,3
"M","B",15,2,4
"M","A",25,7,5
"F","A",17,6,5
"M","B",42,6,5
"M","D",23,9,5
"F","C",19,3,3
"M","B",18,7,3
"M","B",20,8,4
"M","B",22,7,6
"M","A",17,7,5
"M","A",17,3,3
"F","A",27,1,4
"F","A",29,3,3
"F","B",20,7,3
"M","B",16,1,3
"M","B",22,5,5
"M","A",26,9,4
"M","B",21,5,3
"M","B",24,8,3
"F","B",20,12,5
"F","A",15,8,4
"F","A",25,8,4
"M","B",15,2,3
"F","A",27,2,2
"F","B",53,28,3
"F","B",19,3,3
"M","B",22,7,4
"F","A",16,4,3
"F","B",21,4,3
"F","D",36,10,3
"M","C",31,14,5
"M","B",40,16,3
"M","A",18,4,3
"F","A",27,9,3
"F","A",30,5,3
"M","A",24,15,5
"M","B",19,4,3
"M","B",20,6,4
"F","A",16,2,4
"F","B",17,6,3
"F","A",16,2,3
"M","B",16,1,4
"M","B",33,25,3
"M","C",40,12,2
"F","A",34,2,3
"M","B",23,9,3
"F","A",35,10,3
"F","B",48,6,5
"F","A",36,25,5
"F","D",19,10,5
"F","A",20,6,5
"F","D",16,17,5
"F","C",18,8,6
"F","B",24,11,5
"F","B",16,9,5
"M","B",23,9,4
"M","C",33,11,4
"M","A",17,1,4
"F","A",19,3,3
"F","D",22,10,4
"M","B",23,8,3
"F","B",39,18,3
"M","A",18,1,4
"F","A",32,4,2
"F","A",17,5,3
"F","C",25,11,5
"F","A",27,6,3
"F","A",30,0,1
"M","A",21,11,4
"F","C",24,3,4
"M","B",39,18,4
"F","B",34,14,3
"M","A",32,4,2
"M","C",20,17,5
"F","C",18,4,5
"F","A",36,12,3
"M","B",21,14,5
"F","D",18,8,4
"M","C",22,13,3
"F","A",15,1,3
"F","B",18,1,4
"F","B",38,20,5
"F","C",20,4,5
"M","C",26,10,4
"F","B",28,10,3
"F","C",18,1,3
"F","A",18,15,3
"F","A",18,5,5
"F","A",28,12,2
"F","B",18,4,5
"F","C",29,7,3
"F","B",20,3,3
"M","A",16,2,3
"M","B",30,6,4
"M","C",35,13,5
"F","C",21,7,5
"F","A",35,1,1
"M","A",31,5,5
"M","A",17,2,3
"M","D",50,16,4
"M","C",19,1,3
"M","B",17,4,4
"F","A",21,17,5
"F","A",25,6,2
"F","B",19,18,5
"F","A",35,5,4
"F","A",28,2,4
"F","C",19,2,4
"F","B",19,3,3
"F","B",23,15,4
"F","C",16,4,5
"M","B",21,7,3
"M","B",32,12,5
"M","A",26,3,3
"F","B",28,1,3
"F","C",48,23,3
"F","B",15,6,4
"M","A",17,6,3
"M","D",15,4,5
"M","B",34,5,6
"F","A",43,10,5
"F","A",29,5,2
"M","A",27,27,3
"M","C",41,6,5
"M","B",27,20,5
"M","A",24,7,4
"M","A",20,2,3
"M","B",18,4,3
"F","B",19,1,4
"F","C",16,1,4
"F","A",26,0,4
"F","B",18,2,3
"M","C",33,8,5
"M","C",29,5,4
"M","A",27,5,3
"F","B",19,11,5
"F","B",19,6,3
"F","B",16,7,5
"M","A",15,20,5
"M","C",20,6,5
"M","A",20,3,5
"F","A",23,6,3
"F","A",40,14,3
"F","C",16,5,5
"F","B",20,7,3
"M","B",31,11,4
"F","C",21,21,5
"M","A",31,6,2
"F","B",44,20,3
"F","B",19,1,4
"F","B",15,1,3
"M","B",19,3,5
"M","B",16,5,4
"M","C",15,6,5
"F","A",28,5,3
"F","B",20,7,3
"M","A",15,9,5
"F","C",35,20,5
"F","C",36,7,3
"F","B",31,12,3
"M","B",24,9,4
"M","A",37,15,3
"F","B",15,1,3
"F","C",30,1,3
"M","D",17,5,5
"F","A",15,6,3
"M","B",20,2,3
"F","C",15,2,3
"M","B",32,32,5
"M","B",34,8,4
"F","D",17,26,5
"F","A",18,6,4
"M","B",15,2,3
"F","B",24,7,3
"M","B",23,15,3
"M","A",37,33,4
"F","C",39,10,4
"F","B",22,17,4
"F","A",18,3,4
"M","B",21,7,3
"F","B",20,2,4
"F","A",20,10,5
"F","B",16,11,5
"M","A",23,8,5
"F","B",23,4,3
"F","B",20,7,3
"M","A",19,1,3
"F","A",25,1,1
"F","A",16,2,4
"F","A",32,23,3
"M","A",38,3,3
"F","A",16,2,3
"M","A",15,8,5
"F","B",23,12,3
"F","B",16,5,4
"F","A",25,1,1
"F","C",17,8,5
"F","A",15,1,4
"M","B",21,10,4
"M","B",15,1,3
"M","B",27,15,4
"M","C",17,16,5
"F","D",26,12,3
"F","B",19,13,5
"M","C",40,11,5
"F","D",36,8,5
"F","C",17,4,4
"M","B",37,23,5
"M","B",23,5,3
"F","A",29,23,4
"M","B",55,35,4
"F","A",26,2,3
"F","C",58,9,5
"F","A",20,8,5
"F","B",33,22,3
"F","B",18,4,3
"F","A",19,4,4
"F","A",27,3,3
"F","B",35,8,4
"M","A",17,2,4
"M","C",18,6,4
"M","A",35,20,5
"M","C",18,11,5
"F","C",20,4,3
"M","B",17,8,5
"M","A",27,2,2
"F","B",18,2,3
"F","A",23,13,4
"F","A",20,8,5
"M","A",19,5,3
"M","B",17,1,4
"F","B",26,11,3
"F","B",25,1,3
"F","C",17,1,4
"M","A",31,5,2
"M","A",17,41,5
"F","A",16,2,3
"F","A",23,8,3
"F","A",27,1,4
"F","A",25,6,5
"F","A",28,14,5
"M","B",20,5,5
"F","D",38,16,3
"F","A",25,2,3
"F","D",15,3,4
"M","C",16,8,4
"F","B",22,4,3
"M","D",47,9,5
"F","D",17,2,4
"F","C",18,10,5
"M","C",15,16,5
"F","A",25,3,3
"F","A",26,4,2
"M","B",29,4,4
"F","B",26,6,3
"F","D",19,9,5
"M","D",22,9,4
"F","C",17,4,5
"F","A",26,1,3
"F","A",31,9,3
"F","B",55,34,4
"M","B",56,19,4
"F","B",36,7,3
"M","B",15,15,5
"F","B",18,12,4
"M","A",28,12,4
"M","B",16,6,5
"F","B",58,39,5
"F","B",16,4,3
"M","B",21,14,5
"F","B",25,3,3
"F","A",18,1,3
"F","C",36,6,3
"M","A",30,17,3
"M","B",18,18,3
"M","B",17,1,3
"M","D",39,7,5
"M","B",25,22,5
"F","A",26,7,3
"F","A",59,16,3
"M","B",31,25,3
"F","D",20,15,5
"F","B",29,3,3
"F","C",16,9,4
"F","C",18,5,4
"F","C",20,8,5
"F","A",17,2,3
"M","B",33,1,3
"F","B",22,4,3
"F","B",19,6,5
"F","B",24,9,4
"F","B",37,15,5
"F","A",31,12,3
"F","B",15,7,3
"F","C",28,6,4
"M","C",21,5,5
"F","A",26,5,3
"F","B",17,14,5
"F","A",31,14,4
"M","A",37,1,4
"F","A",19,10,5
"F","D",21,6,3
"F","B",20,16,5
"M","C",45,31,5
"F","B",19,13,3
"M","B",23,6,5
"M","B",15,3,4
"F","A",33,9,2
"F","A",15,17,3
"F","A",34,3,2
"M","B",17,1,4
"F","B",16,3,3
"M","B",19,6,5
"M","B",19,4,5
"F","A",34,4,4
"F","D",32,43,5
"F","D",22,8,6
"F","B",31,9,4
"M","B",18,5,5
"F","B",16,5,5
"F","B",24,28,5
"M","C",18,1,3
"F","B",17,5,3
"F","B",20,19,5
"F","B",17,6,5
"F","C",25,0,2
"F","D",39,9,4
"F","A",26,4,5
"F","A",20,3,3
"M","A",34,27,3
"M","B",17,18,3
"M","A",59,31,4
"F","A",16,4,4
"M","C",18,3,3
"F","A",25,7,3
"F","C",25,2,3
"F","D",22,2,3
"M","A",20,8,3
"F","B",19,7,5
"F","A",28,5,2
"F","B",23,6,3
"F","C",32,11,4
"F","C",28,6,5
"F","B",16,6,5
"M","C",17,10,5
"M","A",16,8,5
"F","C",29,1,3
"F","B",17,22,5
"M","D",25,6,3
"F","B",18,3,4
"M","A",22,1,3
"M","B",22,1,3
"F","B",38,29,5
"F","C",25,5,5
"F","B",16,2,3
"F","A",27,1,4
"F","C",33,8,3
"F","B",36,13,4
"M","B",26,25,5
"M","A",15,7,5
"F","B",17,15,5
"M","A",19,4,5
"F","B",27,19,4
"M","B",15,1,3
"F","C",32,17,5
"M","B",21,5,5
"F","B",34,29,5
"F","B",32,1,3
"F","C",17,17,5
"F","A",25,8,2
"F","D",17,4,5
"M","A",30,2,4
"F","B",17,7,4
"F","B",18,1,4
"F","A",42,2,2
"F","A",34,1,3
"M","B",18,4,3
"M","A",24,10,5
"F","B",17,2,4
"M","A",21,9,5
"M","B",24,4,4
"M","B",26,19,3
"M","C",19,14,5
"F","B",22,6,3
"M","B",59,35,4
"F","D",19,3,3
"M","C",34,9,5
"F","C",26,6,3
"M","C",17,6,5
"M","A",19,9,5
"F","A",32,17,3
"F","B",25,9,4
"F","C",15,10,5
"F","A",36,4,4
"F","B",24,6,4
"F","A",29,22,3
"F","A",43,20,4
"F","D",15,12,4
"M","A",27,15,5
"F","D",20,9,5
"F","A",18,4,5
"F","C",16,1,3
"M","B",36,19,5
"F","B",16,2,3
"F","C",15,1,3
"M","D",40,10,3
"F","B",22,10,4
"F","B",16,4,5
"F","D",28,2,3
"F","D",32,24,5
"M","A",31,15,5
"F","A",33,1,2
"F","B",15,2,4
"F","A",29,8,3
"F","B",37,19,4
"F","C",29,8,5
"F","B",26,6,6
"F","B",15,2,3
"M","A",29,18,3
"F","B",25,7,5
"M","A",43,18,3
"M","B",25,6,5
"F","A",29,3,4
"F","B",15,1,3
"M","A",15,9,4
"M","B",34,4,5
"M","B",20,4,4
"F","C",33,1,4
"F","A",52,34,4
"F","C",16,1,3
"M","B",19,2,4
"M","A",15,6,3
"M","C",18,5,3
"M","B",20,2,4
"F","B",43,8,3
"F","B",17,5,4
"M","A",26,15,4
"M","B",31,18,5
"F","B",20,8,3
"F","C",22,4,4
"F","B",16,4,5
"M","B",50,29,4
"M","B",18,5,5
"F","A",33,18,5
"F","C",15,5,5
"M","C",38,18,4
"F","B",20,2,4
"M","B",20,10,4
"M","B",15,11,4
"M","A",50,22,4
"M","A",41,9,2
"F","B",38,13,3
"F","A",33,7,2
"F","A",29,12,3
"F","A",22,7,4
"F","A",46,12,3
"M","A",15,4,3
"M","D",32,5,5
"F","A",31,12,3
"F","C",17,1,4
"M","B",15,7,5
"M","C",43,24,4
"F","C",19,6,5
"F","A",29,10,3
"F","A",29,1,3
"M","A",19,4,5
"M","C",17,4,3
"M","C",20,14,5
"M","C",36,21,5
"F","A",26,17,4
"F","B",27,3,4
"M","B",38,22,5
"F","B",26,0,3
"M","A",40,10,3
"F","A",29,9,4
"F","A",27,4,1
"F","B",23,7,3
"M","A",25,1,3
"F","B",25,8,5
"F","A",19,3,4
"M","B",33,8,3
"M","B",27,1,4
"M","A",18,5,4
"F","A",28,9,2
"M","C",28,7,3
"F","B",22,5,6
"F","C",36,9,4
"M","C",18,7,5
"M","A",24,12,4
"F","C",30,15,4
"M","A",16,1,3
"M","B",27,8,5
"F","A",29,7,3
"F","A",30,1,3
"F","A",40,14,2
"M","A",27,6,3
"F","A",37,8,3
"F","A",15,4,3
"M","A",15,1,3
"F","B",45,33,4
"F","C",15,7,5
"F","B",16,2,4
"F","B",18,3,3
"M","D",18,7,5
"F","A",15,6,5
"M","C",15,2,4
"F","A",29,7,3
"F","A",37,2,2
"F","B",18,6,4
"M","B",21,8,5
"M","C",24,2,4
"F","B",25,25,3
"M","B",32,9,3
"F","B",16,6,5
"M","B",24,21,3
"F","A",26,6,1
"M","C",32,13,4
"M","B",26,7,3
"F","B",18,4,3
"F","A",15,4,3
"M","A",33,18,3
"M","D",15,14,5
"F","B",17,6,4
"F","A",16,14,5
"F","A",15,6,5
"M","B",21,8,4
"M","B",20,6,4
"F","C",18,12,4
"M","C",64,39,4
"M","C",22,12,5
"M","A",35,14,4
"M","B",16,3,3
"M","B",15,1,4
"F","B",25,9,4
"F","B",17,4,5
"M","C",24,12,5
"F","B",22,4,4
"M","A",26,4,3
"M","B",24,11,3
"F","A",33,6,3
"F","A",16,7,5
"M","C",18,6,3
"F","B",22,13,5
"F","D",28,9,5
"F","A",15,10,3
"M","A",24,10,5
"F","D",37,4,2
"F","D",15,4,3
"F","A",31,12,4
"F","C",23,7,5
"M","B",18,1,3
"F","A",28,2,3
"F","A",37,20,5
"F","B",40,6,5
"F","A",31,6,4
"F","A",17,2,4
"F","B",22,5,4
"F","A",26,4,4
"M","C",30,4,5
"M","B",26,19,5
"F","B",45,25,4
"F","B",15,7,5
"M","B",19,11,5
"F","B",17,1,3
"F","C",15,8,5
"M","B",38,48,5
"F","B",15,2,3
"F","B",17,3,4
"F","A",18,6,5
"F","C",15,4,5
"M","B",40,6,5
"F","B",17,4,3
"F","A",31,5,4
"F","A",18,11,5
"F","B",16,2,4
"F","C",15,1,3
"M","A",16,8,5
"F","C",17,1,4
"F","B",16,6,4
"F","A",23,12,4
"F","B",29,7,4
"F","B",16,1,3
"M","B",17,3,3
"F","A",47,22,3
"F","A",34,12,3
"F","B",17,3,3
"F","C",18,8,5
"F","B",16,1,3
"M","A",16,11,4
"F","A",21,10,4
"M","C",19,4,5
"M","B",17,5,3
"M","A",26,17,5
"F","C",31,20,4
"F","A",34,2,2
"M","A",16,8,5
"F","B",15,1,3
"M","A",16,10,4
"F","B",44,16,2
"F","B",18,3,4
"F","A",28,7,3
"F","C",16,2,3
"F","D",22,8,3
"F","C",44,8,2
"M","B",30,8,4
"F","C",20,18,5
"F","B",27,10,3
"F","B",19,6,3
"F","A",52,6,4
"F","B",15,1,3
"F","B",24,9,3
"M","B",20,3,3
"F","B",19,4,5
"M","A",15,6,3
"M","B",32,27,3
"F","A",26,7,3
"F","B",59,13,5
"M","A",26,6,3
"M","A",26,14,2
"F","B",32,7,3
"F","A",31,3,3
"M","B",24,3,3
"F","A",25,0,3
"F","A",34,9,4
"F","A",19,3,4
"M","C",18,11,5
"F","B",27,12,4
"F","B",23,3,3
"M","C",45,5,3
"F","A",20,13,3
"F","A",43,13,3
"M","B",20,4,3
"F","B",23,15,5
"F","B",19,29,5
"F","C",35,1,3
"F","B",16,2,3
"F","C",19,7,5
"F","A",22,5,3
"M","B",27,10,5
"F","B",25,31,5
"F","B",22,6,4
"F","B",36,15,6
"F","B",18,1,4
"M","A",19,1,5
"F","C",18,1,3
"F","C",40,20,5
"F","C",35,4,2
"F","C",25,11,5
"M","A",17,2,5
"F","A",32,9,2
"F","C",21,4,4
"F","A",40,10,3
"M","A",15,1,4
"F","D",35,41,5
"F","D",30,10,2
"M","B",22,10,5
"M","B",19,6,4
"F","C",17,4,4
"M","C",48,25,3
"F","B",16,2,4
"F","B",15,3,3
"M","C",23,10,5
"F","A",26,2,4
"M","A",15,5,3
"M","B",15,7,5
"M","C",22,8,5
"M","A",36,3,3
"M","A",20,4,4
"M","B",19,2,3
"F","B",20,2,3
"F","A",27,6,4
"F","B",31,2,3
"F","A",30,5,3
"F","B",20,7,5
"F","B",16,5,5
"M","B",15,1,4
"F","C",17,4,3
"M","C",17,5,5
"F","B",18,5,3
"F","A",34,7,1
"F","B",20,4,4
"M","A",18,14,3
"F","A",15,11,5
"M","B",36,21,3
"F","C",16,6,5
"F","D",40,13,4
"M","C",23,6,4
"M","B",31,15,3
"M","A",29,15,2
"F","A",37,9,3
"F","A",27,0,2
"F","A",28,1,3
"M","C",18,10,5
"M","A",46,6,3
"F","B",38,12,1
"F","C",42,41,4
"M","A",20,6,3
"F","A",30,7,4
"F","C",34,11,5
"M","C",17,4,5
"M","B",23,5,5
"M","A",25,17,5
"M","C",22,5,3
"F","C",32,20,4
"F","B",25,7,4
"F","B",16,6,3
"M","B",24,10,3
"F","A",43,1,2
"F","A",17,5,5
"M","B",15,11,3
"M","C",16,10,5
"F","C",19,1,3
"M","B",35,25,3
"M","A",18,15,4
"F","C",20,6,5
"F","B",23,12,4
"M","A",38,7,3
"F","C",43,21,4
"M","B",20,6,4
"F","A",26,3,3
"F","B",15,5,5
"F","C",46,7,3
"F","C",20,9,5
"M","B",17,8,5
"F","A",33,3,3
"F","C",29,9,5
"M","B",16,2,4
"F","B",17,2,3
"M","C",16,31,5
"F","A",18,2,3
"F","A",45,25,3
"M","B",31,16,3
"F","B",16,2,4
"F","B",19,1,4
"F","A",30,4,3
"F","A",28,2,3
"F","C",37,10,3
"M","B",32,21,4
"F","A",25,3,3
"F","B",43,6,3
"F","B",19,7,4
"M","A",43,20,4
"M","B",22,3,3
"F","B",17,7,5
"F","B",43,26,5
"F","C",35,14,3
"M","B",16,10,5
"F","C",16,2,3
"M","A",44,12,4
"F","A",31,6,4
"M","A",31,8,5
"F","B",25,2,1
"M","A",42,40,5
"M","D",16,5,5
"M","B",19,11,5
"F","C",16,14,5
"F","B",20,24,5
"M","A",24,6,5
"M","B",21,3,3
"M","A",27,18,5
"F","D",36,9,3
"M","C",17,1,3
"F","C",20,4,4
"F","C",31,14,5
"M","B",15,3,3
"F","A",34,10,2
"F","A",28,3,3
"M","B",17,10,5
"F","A",27,1,2
"M","C",63,34,5
"F","D",19,7,4
"F","B",19,2,3
"M","A",22,5,5
"M","B",20,6,3
"F","C",16,5,5
"F","C",37,33,5
"F","A",15,7,3
"M","B",26,17,5
"M","B",16,9,5
"M","A",22,6,4
"F","A",29,1,3
"M","B",51,31,3
"M","C",21,7,5
"M","A",26,9,4
"M","A",17,7,4
"F","D",35,7,1
"F","B",19,6,4
"M","A",28,11,5
"F","A",29,5,3
"F","B",15,4,6
"F","A",27,7,3
"F","B",17,1,3
"M","B",25,17,5
"F","A",33,12,3
"F","B",18,1,3
"F","A",41,10,3
"F","C",24,9,4
"F","A",19,9,4
"M","C",17,5,5
"F","A",28,3,3
"F","A",18,8,5
"F","A",30,9,3
"F","C",17,2,4
"M","D",32,8,3
"F","A",27,12,2
"M","A",18,14,4
"F","C",26,1,2
"M","A",22,4,3
"F","C",33,13,3
"M","B",15,7,4
"M","C",19,5,4
"M","A",32,19,5
"F","C",16,6,5
"F","A",19,3,3
"M","D",23,22,5
"F","D",15,6,5
"M","A",29,10,5
"F","D",15,5,4
"M","B",34,14,3
"M","C",22,2,4
"F","B",15,5,5
"F","C",25,11,4
"M","A",45,15,5
"F","A",16,4,4
"F","A",19,6,3
"F","B",20,8,5
"F","B",39,24,3
"F","B",15,4,5
"M","C",20,5,5
"F","A",28,19,3
"M","A",19,8,3
"F","B",22,8,4
"F","B",43,18,3
"M","B",21,3,4
"F","B",43,8,5
"F","B",21,11,5
"F","D",20,11,3
"M","B",40,11,5
"F","C",20,6,5
"F","A",33,4,2
"M","A",61,31,3
"F","A",28,4,3
"F","A",58,18,2
"F","A",25,2,1
"F","A",24,4,4
"M","C",20,19,5
"M","C",20,14,5
"F","B",15,1,4
"M","B",18,7,5
"M","B",20,4,5
"F","B",24,9,4
"M","A",15,38,5
"F","A",23,13,3
"M","A",20,3,3
"F","A",18,6,5
"F","B",26,5,5
"F","B",15,1,4
"F","C",22,11,5
"M","D",21,3,4
"F","B",18,2,4
"F","B",22,7,3
"M","B",27,7,4
"F","C",16,9,5
"F","C",33,6,4
"F","A",22,5,3
"M","C",19,6,4
"F","B",27,6,1
"M","A",23,10,4
"F","B",24,36,4
"F","B",18,2,4
"F","B",33,10,4
"M","B",29,8,3
"M","A",27,1,3
"F","A",22,3,3
"M","B",41,17,2
"M","B",23,8,3
"F","C",22,17,5
"F","A",17,8,3
"F","B",26,15,3
"F","C",20,7,3
"F","B",16,4,5
"M","C",16,5,5
"F","B",16,2,4
"M","B",16,4,4
"F","B",17,12,5
"M","B",19,4,3
"F","A",27,7,3
"M","B",17,13,5
"M","A",44,11,4
"F","B",16,2,3
"M","B",15,10,3
"M","C",48,16,5
"M","A",23,5,5
"M","C",32,22,5
"F","B",18,5,5
"F","B",16,7,5
"M","B",18,4,5
"F","B",30,13,5
"F","B",25,4,5
"M","B",19,28,5
"F","B",22,6,3
"F","C",32,7,4
"M","C",61,37,4
"F","B",17,1,4
"M","B",26,9,3
"F","A",26,2,3
"F","B",20,15,5
"F","A",30,5,4
"F","A",26,1,3
"M","A",20,13,3
"M","A",34,37,4
"F","D",30,5,4
"F","B",35,13,5
"F","A",41,5,3
"F","C",26,1,2
"F","A",19,13,5
"M","B",23,6,5
"F","B",15,1,3
"M","B",29,5,5
"M","A",22,4,3
"M","A",28,3,4
"F","C",31,8,5
"F","B",39,33,5
"M","C",22,6,5
"M","D",15,1,3
"M","A",40,2,5
"F","B",25,5,5
"F","A",21,4,4
"F","A",34,13,5
"M","B",16,1,4
"M","B",19,7,3
"F","C",34,14,5
"M","B",45,23,5
"M","A",16,9,3
"F","A",32,7,2
"F","A",17,4,4
"F","A",22,7,3
"F","B",15,4,4
"F","B",16,14,3
"F","C",26,0,1
"M","B",24,11,6
"F","C",29,10,3
"M","B",17,1,4
"M","C",21,9,3
"F","D",41,25,4
"F","D",21,1,4
"M","A",19,1,3
"F","C",16,7,5
"M","B",15,1,4
"F","A",28,2,3
"F","B",28,20,4
"F","B",16,3,4
"F","A",25,5,2
"F","B",17,2,3
"F","B",17,7,3
"M","B",17,7,5
"F","B",26,4,3
"M","B",18,2,4
"F","A",17,1,3
"F","B",15,6,3
"M","D",21,1,3
"F","B",20,3,4
"F","A",15,1,3
"M","A",20,11,5
"F","A",20,10,4
"F","B",16,3,4
"F","B",31,11,5
"M","A",16,8,3
"F","D",27,1,3
"M","B",15,1,3
"F","C",27,6,3
"M","D",24,6,3
"M","A",34,21,4
"M","B",15,5,5
"F","A",22,11,3
"F","A",18,6,5
"F","A",30,4,4
"F","B",20,2,4
"M","A",17,5,5
"F","B",25,9,3
"F","A",18,6,5
"F","A",21,3,3
"F","B",18,2,3
"F","D",18,12,3
"M","B",41,10,4
"M","A",23,3,3
"M","B",17,4,5
"M","B",19,5,5
"F","B",15,3,3
"F","B",18,1,3
"M","B",20,17,5
"F","C",15,4,4
"M","A",26,1,1
"M","B",22,6,5
"F","A",18,2,4
"F","D",17,14,5
"F","B",21,7,4
"M","C",17,1,5
"F","A",26,0,3
"M","C",15,2,4
"F","D",21,6,3
"M","C",15,4,5
"M","D",29,1,4
"F","A",40,9,3
"F","B",17,3,5
"M","B",43,16,5
"F","B",15,3,3
"M","A",19,3,3
"M","B",40,6,3
"F","B",21,6,5
"F","A",15,12,5
"F","B",25,1,3
"F","B",25,2,3
"M","C",16,7,4
"F","A",25,2,3
"F","A",26,10,2
"M","D",47,25,3
"F","A",38,12,4
"M","C",17,11,5
"F","B",16,1,4
"F","A",27,17,5
"M","B",18,4,5
"F","C",39,10,3
"F","C",31,2,3
"F","A",22,7,3
"F","B",23,12,4
"M","B",24,13,4
"F","A",15,14,3
"F","B",36,13,3
"F","C",43,4,5
"F","A",52,19,3
"M","C",26,13,3
"F","B",38,16,5
"F","B",27,9,3
"F","A",39,4,2
"M","D",27,5,4
"M","A",15,4,5
"F","B",16,4,3
"F","A",17,9,5
"M","C",16,14,5
"M","C",29,9,3
"M","A",50,7,3
"F","B",25,6,3
"F","D",25,1,2
"F","A",31,4,3
"F","B",16,2,4
"M","A",21,7,5
"F","A",31,1,1
"F","B",22,6,3
"F","B",20,2,3
"F","B",19,14,5
"F","C",31,16,5
"M","D",32,12,5
"M","B",16,6,4
"M","B",47,14,5
"F","A",28,2,3
"F","A",38,3,4
"M","A",27,15,3
"F","B",32,11,5
"M","C",39,5,4
"F","A",32,0,4
"M","C",16,7,5
"F","A",26,3,4
"M","A",16,3,4
"M","A",27,5,2
"M","A",30,6,3
"F","A",27,3,4
"M","A",44,12,5
"M","B",21,5,5
"F","A",27,2,2
"M","A",15,5,5
"F","B",27,12,4
"F","B",16,2,3
"M","B",15,4,5
"F","D",35,3,3
"M","B",29,6,5
"F","C",30,19,3
"F","B",16,1,3
"M","B",15,1,3
"F","A",23,8,3
"F","B",27,4,1
"M","C",34,7,4
"F","C",21,5,3
"M","B",16,1,4
"F","B",20,9,5
"M","C",18,15,5
"M","D",16,7,5
"M","D",16,7,5
"F","A",16,2,4
"F","D",21,10,3
"F","A",30,6,3
"M","C",19,6,5
"F","C",28,9,4
"M","B",39,3,4
"F","B",15,3,3
"M","B",16,2,4
"M","B",22,5,3
"F","A",28,5,3
"F","A",36,1,4
"F","C",15,1,4
"F","C",16,5,3
"M","B",16,19,5
"M","B",30,9,4
"M","A",25,0,3
"F","B",18,6,5
"F","D",16,6,5
"F","A",34,7,2
"F","C",35,17,4
"F","D",32,16,3
"F","B",17,2,3
"F","B",23,6,3
"M","C",16,5,4
"F","C",24,16,3
"M","B",19,1,3
"M","B",33,11,3
"M","B",15,3,3
"F","A",45,13,3
"F","B",19,5,3
"M","B",38,5,3
"F","B",17,18,4
"M","A",15,3,4
"F","C",23,15,5
"M","B",29,8,3
"F","A",16,1,4
"F","B",16,14,3
"M","C",24,6,5
"M","A",19,4,4
"F","B",21,25,5
"F","B",28,4,2
"F","A",27,1,3
"F","C",35,14,2
"F","B",15,1,4
"M","A",16,1,3
"F","A",38,9,2
"M","C",28,9,3
"M","C",17,4,5
"F","A",22,23,4
"F","A",29,10,5
"F","A",15,9,5
"F","A",18,6,5
"M","B",37,13,3
"M","C",17,4,5
"M","B",15,5,5
"F","D",24,1,3
"M","C",20,3,3
"F","A",37,6,3
"M","B",16,1,4
"M","B",20,8,5
"F","B",22,2,4
"F","C",19,2,4
"M","C",24,7,5
"F","A",27,1,3
"F","B",16,6,5
"F","B",20,7,3
"M","A",15,6,5
"F","B",17,3,4
"F","A",25,2,4
"M","D",26,1,4
"F","C",27,1,3
"F","C",27,14,3
"F","D",22,5,3
"M","C",22,5,3
"M","A",30,7,3
"M","A",23,15,5
"F","B",21,1,3
"F","B",18,4,4
"F","A",30,0,3
"M","A",24,8,3
"F","A",27,6,3
"F","B",23,10,3
"F","A",37,12,5
"F","C",27,13,5
"M","D",15,26,5
"M","B",16,6,5
"F","B",30,29,4
"F","B",34,21,5
"F","A",27,3,3
"F","A",27,13,4
"F","B",24,18,5
"F","A",42,12,4
"F","B",22,3,3
"M","B",20,5,4
"F","B",34,21,4
"F","B",21,11,3
"M","B",18,6,5
"F","B",25,1,4
"F","A",33,1,4
"F","C",24,7,3
"F","B",29,4,4
"F","B",22,12,4
"M","B",16,4,5
"M","B",20,12,5
"F","A",20,7,4
"M","B",36,5,5
"M","A",30,27,5
"M","B",26,2,4
"F","C",16,17,5
"F","C",22,5,5
"M","C",25,4,3
"F","B",30,5,4
"M","B",25,2,3
"M","A",15,4,5
"M","B",16,4,5
"M","B",15,4,5
"F","B",16,3,4
"F","B",28,7,3
"F","C",16,1,4
"F","A",33,36,4
"F","A",29,1,2
"F","B",16,2,3
"F","B",15,5,3
"M","B",23,9,4
"F","A",33,1,2
"M","A",20,6,5
"M","C",20,4,3
"M","C",16,13,3
"F","C",16,4,4
"F","B",16,3,4
"F","C",23,5,5
"M","B",16,2,4
"F","A",22,5,3
"F","C",29,6,4
"M","B",21,5,5
"F","B",23,5,3
"M","D",33,5,3
"F","B",19,14,5
"F","A",17,1,3
"M","A",20,5,4
"M","A",21,6,4
"M","C",15,2,3
"F","A",31,4,2
"M","C",21,21,5
"F","A",26,2,3
"F","C",28,12,3
"M","A",29,10,5
"F","B",22,5,5
"F","D",28,31,3
"F","C",43,17,5
"M","C",18,6,5
"M","B",18,8,5
"M","B",23,28,3
"M","A",24,17,5
"M","B",32,25,5
"M","A",16,8,5
"M","C",21,1,4
"M","C",24,7,5
"M","C",15,1,4
"M","A",31,11,5
"F","A",26,2,3
"M","C",16,27,5
"F","B",36,26,3
"F","B",26,2,4
"F","B",17,4,5
"M","A",20,4,4
"M","B",20,4,4
"F","B",31,0,3
"M","B",19,3,3
"M","C",20,1,3
"M","B",35,13,3
"M","A",17,5,4
"M","B",24,4,4
"F","A",27,1,3
"M","B",20,11,3
"F","C",20,5,5
"F","C",18,2,4
"F","A",31,20,2
"F","A",20,3,4
"M","C",20,8,5
"F","A",27,1,3
"F","B",15,1,3
"M","B",52,28,4
"M","B",19,6,5
"F","C",26,7,5
"F","C",19,5,5
"F","A",28,3,2
"F","B",29,15,3
"F","C",17,15,5
"M","B",36,13,5
"M","B",20,1,4
"F","A",20,7,5
"F","A",22,7,4
"F","A",26,1,3
"M","B",24,10,4
"F","C",21,17,5
"F","B",15,4,5
"F","B",26,15,4
"F","B",25,20,5
"M","A",16,3,3
"F","D",32,7,5
"M","B",19,6,5
"F","C",26,19,5
"F","A",17,12,3
"F","A",15,7,3
"M","A",32,7,3
"F","A",24,4,4
"M","A",35,21,3
"F","B",20,14,4
"F","B",19,9,4
"F","D",21,9,5
"M","B",20,1,4
"F","C",24,7,4
"M","A",15,2,4
"F","C",20,4,3
"F","A",37,6,3
"F","B",30,4,4
"F","B",17,10,6
"M","B",41,29,3
"F","A",30,8,3
"F","A",17,6,4
"M","B",20,3,3
"F","B",23,3,4
"F","B",22,11,4
"F","C",29,17,3
"F","A",25,9,5
"M","B",27,14,5
"F","A",20,6,4
"F","C",40,0,3
"F","B",19,1,3
"F","A",29,7,2
"F","B",22,7,3
"M","A",40,13,5
"M","C",20,8,5
"M","B",31,10,3
"M","C",44,20,4
"M","C",23,9,4
"F","A",17,3,4
"F","C",25,1,3
"M","A",15,1,3
"M","B",15,1,3
"F","B",16,1,3
"F","B",15,4,5
"F","C",21,6,3
"M","B",28,9,4
"M","A",35,21,5
"M","A",28,0,3
"M","B",25,7,4
"F","D",25,18,5
"F","A",38,7,3
"M","C",20,4,3
"M","B",23,2,3
"F","D",16,5,3
"M","B",27,7,5
"M","C",15,6,5
"M","D",21,28,5
"F","C",22,12,5
"F","C",15,24,5
"M","B",15,1,4
"F","B",16,1,3
"F","D",25,24,5
"M","A",34,39,4
"F","B",21,1,3
"F","A",19,2,5
"M","B",19,4,4
"M","A",16,10,5
"F","C",16,10,5
"M","A",18,4,4
"F","B",28,13,5
"F","C",26,7,3
"M","B",27,14,5
"F","D",17,4,5
"F","A",26,6,3
"M","B",15,5,5
"F","A",15,5,5
"F","A",19,5,5
"M","A",32,10,2
"F","C",19,12,5
"F","B",16,10,5
"F","A",27,6,2
"M","B",26,6,3
"F","B",19,10,5
"M","B",19,22,6
"F","C",25,6,3
"M","A",18,3,4
"M","A",17,2,3
"M","B",15,5,5
"M","A",15,6,5
"F","B",32,16,4
"F","B",22,10,4
"F","A",34,3,3
"F","B",22,4,5
"M","B",16,9,5
"F","A",27,4,3
"F","D",24,6,3
"M","A",47,9,6
"F","C",28,1,4
"M","D",20,5,5
"M","A",17,9,4
"F","A",34,14,5
"F","A",21,2,3
"F","B",31,4,5
"M","C",22,16,5
"M","C",15,4,5
"M","D",17,9,5
"F","A",27,6,5
"F","A",34,5,3
"M","B",15,4,6
"F","B",23,8,4
"M","C",28,17,5
"F","A",24,8,4
"F","B",32,18,5
"F","C",28,15,4
"F","C",16,5,5
"F","A",27,12,3
"F","A",34,4,5
"F","D",29,18,5
"F","B",32,21,4
"F","A",26,22,4
"M","B",16,5,5
"F","A",27,16,3
"M","B",28,10,5
"M","A",27,3,3
"M","D",17,1,4
"F","C",17,1,4
"M","B",18,5,4
"M","C",21,4,5
"F","B",16,11,5
"F","A",64,25,2
"M","B",20,30,4
"F","C",35,0,3
"F","A",31,7,3
"M","A",23,11,3
"M","B",19,8,3
"F","B",20,6,3
"F","C",26,5,3
"F","C",32,4,4
"F","C",28,6,5
"F","A",28,1,3
"F","D",26,32,5
"M","C",24,3,4
"F","B",16,6,3
"F","B",45,12,4
"F","A",27,1,3
"F","A",15,5,4
"F","A",22,4,4
"F","B",23,7,4
"M","D",33,9,5
"M","B",17,4,3
"M","A",18,8,5
"M","A",26,8,3
"F","A",17,2,3
"M","B",25,16,5
"M","D",23,2,4
"M","C",19,5,4
"F","C",25,2,1
"M","A",18,2,4
"F","A",32,12,3
"F","B",29,12,3
"F","A",22,4,4
"F","A",26,5,4
"M","B",15,3,4
"M","A",37,5,3
"F","B",16,12,4
"F","B",18,1,3
"F","B",15,3,5
"M","A",19,12,4
"F","B",17,8,4
"F","A",33,5,3
"M","C",22,1,4
"F","B",20,6,3
"M","C",17,4,3
"M","A",19,13,6
"F","D",17,6,3
"M","B",15,2,4
"M","B",22,5,5
"F","C",21,10,3
"M","A",31,3,3
"F","A",28,2,6
"F","B",47,14,2
"M","B",15,4,5
"M","C",19,10,5
"M","A",16,11,5
"F","B",15,2,3
"M","C",26,29,5
"F","B",16,5,5
"M","C",28,8,1
"F","B",22,4,4
"F","B",19,3,4
"F","A",22,9,4
"F","B",20,13,3
"F","A",40,0,4
"M","B",21,8,4
"F","A",33,5,3
"F","A",28,0,3
"M","D",32,20,5
"M","A",27,8,2
"F","B",22,9,5
"F","B",16,1,3
"M","A",15,1,4
"M","C",35,18,3
"F","D",18,7,5
"M","C",21,6,4
"F","A",19,5,5
"F","C",27,7,3
"F","B",20,1,5
"F","A",16,2,4
"M","B",19,8,5
"M","A",17,19,5
"F","B",21,8,4
"F","B",15,15,5
"F","C",31,11,5
"F","A",16,3,3
"F","B",47,38,4
"M","C",22,9,5
"F","B",52,17,4
"F","C",19,7,5
"F","C",18,4,5
"F","B",19,3,4
"M","D",34,7,5
"M","B",41,8,3
"F","B",36,20,4
"F","A",40,4,3
"F","C",17,5,4
"M","C",21,12,5
"M","A",25,3,3
"F","B",30,7,5
"F","C",15,4,4
"M","A",31,5,3
"M","A",21,6,3
"F","A",28,13,5
"F","C",16,1,3
"F","A",29,16,2
"F","B",19,39,5
"M","A",17,2,4
"F","A",34,11,6
"F","A",39,11,4
"M","B",15,1,4
"F","C",17,1,3
"F","C",21,7,3
"M","C",20,4,3
"F","A",25,2,3
"M","A",27,13,3
"M","C",15,10,5
"F","C",27,14,3
"F","B",17,18,5
"M","A",15,1,5
"F","A",15,1,4
"F","C",25,8,3
"F","B",32,10,4
"F","C",36,7,5
"F","A",39,8,2
"M","B",15,1,4
"F","C",17,16,5
"M","D",22,6,4
"M","B",21,17,5
"F","A",27,3,3
"M","A",34,5,5
"M","A",25,1,2
"F","B",25,5,1
"F","A",30,4,2
"M","D",18,2,3
"M","C",15,4,5
"F","D",25,3,2
"F","A",29,6,5
"M","C",16,6,5
"M","A",18,11,3
"M","A",34,1,4
"F","B",17,4,3
"M","C",25,11,5
"F","C",18,1,4
"F","B",15,1,3
"F","B",26,8,5
"F","C",37,9,3
"M","B",18,4,4
"M","B",18,3,4
"F","B",17,3,4
"M","C",27,23,5
"F","A",17,1,3
"M","B",17,2,3
"F","B",18,2,4
"F","A",29,6,3
"F","B",32,3,3
"M","C",15,8,5
"F","C",27,22,5
"F","D",15,3,3
"F","B",26,10,3
"M","B",27,14,3
"M","B",16,1,3
"F","A",19,5,4
"F","B",19,2,4
"F","A",27,3,3
"F","A",26,25,3
"M","D",15,6,5
"F","A",26,1,3
"F","A",26,6,4
"F","C",16,1,3
"F","C",18,11,5
"F","A",28,7,2
"M","B",29,12,3
"F","B",34,23,4
"F","A",31,6,3
"M","B",21,1,4
"F","C",17,3,4
"M","C",33,5,3
"M","B",18,1,3
"M","B",29,5,5
"F","A",18,1,3
"M","C",19,13,5
"M","B",27,12,5
"F","A",32,13,4
"F","A",26,0,3
"M","C",15,6,5
"F","B",23,10,5
"F","B",31,11,4
"F","B",28,8,4
"F","A",25,0,2
"F","B",20,3,3
"F","A",46,4,3
"F","A",25,1,2
"M","A",26,10,3
"F","B",20,9,5
"M","B",25,4,4
"F","B",16,2,5
"M","B",17,1,4
"F","A",31,8,1
"M","B",27,7,5
"F","B",24,18,3
"M","B",17,4,3
"F","B",20,7,4
"M","B",19,9,5
"F","A",29,3,4
"F","C",17,3,3
"M","B",19,1,3
"F","B",21,6,5
"M","B",25,9,4
"F","C",20,4,3
"M","B",29,6,5
"M","B",21,7,5
"F","C",26,11,2
"F","A",38,0,3
"F","D",26,6,2
"M","A",16,2,3
"M","A",26,5,2
"F","C",18,13,4
"M","D",16,6,5
"M","B",20,2,3
"M","C",56,33,3
"F","C",17,14,5
"M","D",25,15,5
"F","D",31,3,3
"M","B",28,13,5
"M","C",16,18,5
"F","C",16,1,4
"M","B",28,7,3
"M","A",21,13,5
"F","B",22,5,4
"F","B",21,5,3
"F","A",15,3,3
"M","A",26,7,3
"M","A",17,2,4
"F","B",19,5,5
"F","B",40,3,4
"F","B",18,4,4
"M","B",15,4,5
"M","C",20,5,5
"M","A",18,3,3
"F","A",37,4,5
"F","D",19,7,4
"F","A",22,4,5
"M","B",21,1,3
"F","D",21,7,5
"F","C",18,6,5
"F","A",26,11,3
"F","D",42,17,5
"F","D",30,15,4
"M","B",18,2,3
"M","A",21,5,3
"M","B",42,19,5
"M","B",35,21,4
"M","A",39,20,3
"F","A",34,8,3
"F","D",30,1,3
"F","B",22,4,3
"F","A",17,2,3
"M","A",52,2,4
"M","C",26,4,5
"F","B",22,20,4
"F","A",32,15,2
"F","B",17,3,4
"F","B",19,4,3
"F","B",44,23,4
"F","A",26,11,3
"M","A",35,7,3
"M","B",27,25,5
"M","B",32,9,5
"M","B",36,16,4
"M","A",38,14,5
"M","B",15,14,5
"F","B",27,5,3
"M","B",15,1,4
"F","A",26,2,4
"M","A",15,4,5
"F","A",39,7,3
"F","C",20,3,4
"F","A",29,9,3
"F","C",38,7,3
"M","B",19,1,4
"M","B",22,8,3
"M","D",29,23,5
"F","A",15,10,5
"M","C",34,10,5
"F","B",24,18,3
"M","C",33,15,3
"M","A",22,3,3
"M","C",28,10,5
"M","B",18,4,5
"F","C",17,7,5
"F","A",25,3,2
"M","C",20,7,5
"F","A",31,8,3
"M","D",20,4,5
"F","B",18,9,3
"M","B",23,6,4
"F","B",27,5,5
"M","B",17,3,4
"F","A",17,3,4
"F","C",15,4,5
"M","C",17,4,5
"F","A",26,3,4
"F","A",17,1,4
"F","B",21,12,5
"F","C",16,1,4
"M","A",19,3,3
"F","C",39,21,3
"F","B",22,6,3
"F","B",30,7,5
"M","D",33,9,5
"M","B",24,5,4
"F","B",20,10,3
"F","D",16,4,4
"M","A",15,3,3
"F","C",23,13,5
"M","B",19,1,3
"F","B",25,11,4
"F","B",20,5,5
"M","B",25,1,5
"M","B",24,6,3
"F","B",20,6,4
"F","C",35,8,4
"F","A",33,1,3
"F","A",48,27,4
"M","B",57,33,4
"F","C",21,4,5
"M","D",26,9,4
"F","C",35,5,1
"M","B",19,12,5
"F","C",17,5,4
"F","D",26,1,4
"F","B",17,8,5
"F","C",16,6,5
"M","B",29,6,3
"M","A",19,2,4
"M","A",30,3,2
"F","C",19,2,4
"F","B",40,12,4
"M","A",27,15,4
"M","D",26,4,3
"F","A",34,3,4
"F","B",17,13,5
"M","B",16,1,4
"F","B",15,1,4
"M","D",19,9,4
"F","B",18,2,3
"F","A",26,6,3
"M","C",28,8,5
"M","B",22,10,4
"M","A",23,12,4
"F","B",41,22,4
"M","A",28,13,3
"F","A",30,9,5
"M","B",17,9,5
"F","A",35,13,3
"F","D",35,11,5
"F","B",16,5,5
"F","D",16,1,3
"F","B",19,5,5
"F","C",18,2,3
"F","A",48,9,3
"F","B",31,19,4
"M","B",38,10,3
"M","B",24,6,4
"F","A",29,5,3
"F","B",19,6,3
"M","C",29,12,4
"M","A",30,25,5
"F","C",25,11,3
"M","B",32,12,4
"F","C",48,5,3
"M","A",32,4,3
"F","A",15,3,4
"F","A",29,1,3
"F","B",22,5,5
"F","A",17,1,4
"M","D",23,17,5
"F","B",33,22,3
"M","B",15,1,3
"M","D",21,16,5
"M","B",34,10,5
"M","A",26,6,1
"M","C",50,18,3
"F","B",15,2,3
"M","B",26,10,3
"M","A",27,1,3
"M","B",20,17,5
"F","C",23,11,5
"M","B",26,9,4
"M","B",25,4,5
"F","B",39,8,3
"F","C",16,5,5
"M","B",29,9,5
"F","B",21,1,3
"F","B",17,3,3
"F","A",38,9,4
"F","A",15,4,3
"F","C",17,5,5
"F","D",18,6,5
"F","B",20,1,3
"M","B",35,37,5
"F","B",16,7,5
"F","B",26,7,3
"F","A",20,12,3
"F","C",28,29,4
"F","A",17,5,5
"M","C",27,13,5
"F","A",15,6,4
"F","C",15,1,4
"F","C",17,1,4
"F","C",15,6,4
"F","A",29,9,5
"F","B",27,13,3
"F","B",42,24,3
"F","A",16,3,4
"F","C",36,5,5
"M","C",17,8,5
"M","A",23,9,4
"F","A",35,10,4
"F","B",25,10,4
"F","B",39,12,4
"F","B",35,21,3
"F","B",29,4,3
"M","B",18,4,5
"F","A",25,1,3
"M","A",35,11,3
"F","A",29,1,3
"M","C",20,8,5
"F","B",29,11,3
"F","B",33,5,3
"F","A",21,6,5
"F","B",20,7,3
"F","D",19,10,5
"F","C",33,7,3
"F","B",16,1,3
"M","C",20,15,5
"F","C",20,3,4
"F","A",26,15,3
"F","C",18,19,5
"F","A",19,5,4
"F","B",16,3,4
"F","B",18,4,4
"F","A",40,4,3
"M","C",22,7,3
"F","A",25,6,4
"M","B",18,12,4
"M","C",15,4,5
"M","A",22,6,4
"F","D",19,11,5
"F","C",45,1,3
"M","B",20,16,5
"F","A",23,18,5
"F","D",18,2,3
"M","C",17,7,5
"F","A",29,5,5
"F","C",20,1,5
"M","B",29,4,5
"M","C",18,9,5
"F","C",20,1,3
"F","B",43,30,4
"M","C",19,5,3
"F","A",26,4,3
"F","B",22,6,4
"F","B",45,22,4
"M","C",39,27,4
"F","A",34,1,2
"F","B",28,21,4
"M","B",20,5,3
"F","A",27,7,2
"F","A",36,14,4
"M","B",17,4,4
"F","A",15,1,3
"F","A",36,12,3
"F","C",18,8,4
"F","B",26,7,3
"F","D",16,6,4
"F","A",30,7,3
"M","D",32,13,6
"F","B",17,1,3
"F","C",28,7,4
"M","C",37,17,5
"F","C",18,5,5
"F","B",17,6,3
"F","C",22,4,5
"F","C",32,13,2
"M","B",17,5,5
"F","A",47,30,4
"M","C",40,23,5
"F","B",28,8,5
"M","A",31,24,4
"F","B",35,7,2
"F","A",33,26,4
"M","A",21,4,5
"F","C",25,5,4
"M","B",56,25,4
"M","D",43,10,5
"M","B",36,5,5
"M","A",39,14,5
"M","B",16,9,5
"F","A",30,50,5
"F","A",22,7,3
"F","B",15,13,5
"M","A",28,2,3
"F","C",25,7,3
"M","B",23,7,4
"M","B",19,8,5
"F","C",20,12,3
"F","B",18,24,3
"F","A",37,21,3
"M","B",24,8,4
"M","A",28,5,4
"F","C",24,7,5
"F","B",20,16,4
"F","A",27,8,3
"F","B",25,17,5
"M","B",21,4,5
"F","A",17,2,3
"M","D",17,6,5
"F","A",19,10,3
"M","B",17,7,3
"M","D",26,3,3
"M","A",18,6,4
"M","D",15,8,5
"M","A",16,2,3
"F","B",26,12,3
"F","C",16,7,5
"F","B",22,19,5
"F","B",16,12,5
"F","A",34,6,3
"M","A",26,11,3
"M","A",21,6,5
"M","B",15,2,3
"M","A",37,10,5
"M","C",17,8,5
"F","B",16,7,4
"M","A",15,1,4
"M","C",19,9,5
"M","A",27,3,4
"F","C",23,8,5
"F","C",29,1,3
"F","B",33,25,5
"F","A",41,11,3
"M","B",22,15,5
"F","C",27,14,5
"M","A",33,5,3
"M","A",32,3,2
"M","B",16,2,4
"F","B",17,3,4
"F","A",23,8,3
"F","A",29,4,3
"F","B",15,10,5
"F","C",16,4,5
"M","B",30,4,3
"F","A",28,13,1
"F","C",20,1,3
"M","A",16,6,3
"M","A",26,0,2
"M","A",22,4,5
"F","B",15,2,3
"F","B",18,9,3
"F","B",18,4,4
"F","B",25,8,5
"F","A",51,13,2
"F","B",17,2,4
"M","B",15,1,4
"F","A",34,9,3
"F","B",20,8,4
"F","B",20,5,5
"M","B",25,8,3
"F","B",32,15,3
"F","B",16,1,4
"M","B",17,5,5
"F","A",25,4,4
"F","A",27,0,4
"F","B",16,4,4
"M","B",16,2,3
"M","C",19,10,5
"F","A",31,14,4
"M","B",35,26,4
"F","B",29,2,3
"F","A",30,3,4
"M","B",34,2,2
"F","A",25,1,3
"M","B",30,5,5
"F","C",21,4,3
"M","C",26,22,2
"F","A",36,2,3
"F","B",24,17,5
"F","B",28,29,4
"F","D",20,23,5
"M","A",28,11,3
"M","D",30,17,3
"M","A",29,5,1
"F","A",39,5,3
"M","A",17,2,4
"F","C",27,5,1
"F","D",31,11,3
"F","A",28,4,2
"M","D",24,9,5
"F","C",39,11,5
"M","D",16,1,4
"F","B",33,26,4
"M","B",22,6,5
"F","A",16,2,3
"F","A",29,4,1
"F","A",23,14,3
"F","B",25,16,3
"F","B",28,12,4
"F","B",18,1,3
"M","A",21,13,4
"F","A",16,2,3
"M","A",36,11,3
"F","B",26,1,3
"F","B",18,4,5
"M","A",18,2,4
"F","A",18,2,3
"M","C",37,23,3
"M","B",17,1,3
"F","B",21,1,3
"M","A",33,12,4
"F","B",17,7,5
"M","C",19,1,4
"F","A",37,10,3
"M","B",20,2,4
"F","B",23,24,5
"F","B",26,3,4
"F","B",15,3,4
"M","A",41,21,4
"F","A",20,5,3
"F","C",18,2,4
"F","B",23,15,3
"M","A",16,2,3
"M","B",38,27,5
"F","A",29,5,3
"F","B",24,16,3
"F","B",37,16,4
"M","B",17,6,4
"M","B",26,9,3
"F","B",16,4,3
"F","B",16,4,3
"F","A",28,11,4
"F","C",22,10,3
"M","A",28,3,2
"F","B",25,4,3
"F","D",39,6,3
"M","C",15,4,5
"F","B",28,28,4
"M","B",27,12,4
"F","B",17,2,4
"F","B",16,4,3
"M","A",21,10,5
"M","A",29,3,2
"M","B",19,8,5
"F","B",15,1,3
"F","A",42,4,2
"M","A",21,9,4
"M","D",17,5,5
"F","B",35,23,4
"F","A",17,6,5
"F","A",38,0,4
"F","B",22,8,3
"M","B",17,6,4
"F","A",15,6,5
"F","A",25,4,1
"F","A",68,14,2
"F","A",31,5,3
"F","C",34,15,3
"F","C",16,7,5
"F","A",15,5,5
"F","B",26,10,3
"M","B",20,5,3
"F","C",18,6,4
"F","A",31,3,3
"M","D",15,1,4
"M","D",27,8,4
"M","A",22,9,3
"M","B",37,10,4
"F","B",24,5,5
"F","A",37,6,5
"F","D",21,14,5
"F","D",22,4,5
"F","A",26,9,3
"F","C",17,6,5
"F","B",31,2,2
"F","B",25,5,3
"M","B",17,5,5
"F","B",19,2,3
"M","C",32,4,4
"M","C",16,2,4
"F","B",16,1,3
"M","B",17,18,5
"F","A",36,17,3
"M","A",18,5,5
"M","A",31,4,2
"F","B",23,24,3
"F","C",60,16,3
"F","C",21,7,3
"F","B",22,6,4
"M","B",25,8,5
"F","B",17,4,4
"M","A",19,12,5
"M","D",31,22,4
"M","C",26,1,2
"M","A",21,5,3
"F","A",28,12,2
"M","B",23,4,4
"F","A",25,6,3
"F","A",18,1,3
"F","B",23,6,4
"F","A",16,4,4
"F","C",25,5,4
"M","A",15,2,4
"M","C",32,11,5
"F","A",27,10,3
"M","B",23,7,5
"F","A",26,7,5
"F","B",17,2,4
"F","A",28,6,5
"F","C",18,2,4
"F","B",42,2,2
"F","A",50,15,2
"M","B",27,12,3
"M","B",26,5,5
"F","A",26,3,2
"M","B",15,8,5
"M","C",16,4,5
"F","C",18,11,5
"F","A",25,3,4
"F","A",25,15,3
"F","D",20,5,3
"F","A",25,11,3
"F","B",23,14,3
"M","A",22,3,3
"F","A",17,3,3
"F","D",55,25,5
"M","C",21,10,3
"M","A",29,10,3
"F","C",15,3,4
"F","A",31,42,5
"F","B",20,5,4
"F","B",20,10,4
"M","A",18,4,4
"M","B",33,6,4
"F","B",19,3,4
"F","D",34,1,3
"M","C",23,11,3
"M","B",31,13,4
"M","B",23,2,3
"F","B",23,11,5
"M","B",48,25,3
"F","A",27,4,2
"M","D",17,15,5
"F","B",25,13,5
"F","A",22,7,5
"F","B",19,7,3
"M","C",27,1,4
"M","A",17,8,5
"F","C",19,6,4
"F","B",22,9,3
"F","B",16,3,4
"M","C",38,21,3
"F","B",34,7,4
"M","B",21,5,3
"M","C",20,5,4
"M","C",25,3,3
"F","D",16,5,5
"M","A",28,8,3
"M","A",42,12,2
"F","B",23,13,3
"F","C",15,8,4
"M","C",27,13,5
"F","A",27,4,4
"F","C",26,17,3
"M","B",24,23,5
"F","A",18,16,3
"F","B",19,20,5
"F","B",27,5,4
"M","D",26,6,5
"F","A",49,25,4
"M","A",20,1,4
"F","B",32,18,4
"F","A",43,2,3
"F","B",22,1,3
"F","A",17,7,5
"F","A",25,7,2
"M","A",25,3,4
"F","A",27,2,4
"F","A",15,1,4
"F","A",31,1,3
"F","A",25,3,1
"F","A",29,2,1
"F","A",25,1,3
"M","B",18,2,3
"M","C",20,7,5
"M","B",17,5,5
"M","A",20,13,3
"M","A",19,5,5
"F","B",19,4,5
"M","D",22,9,5
"F","C",37,8,5
"F","A",28,1,3
"M","C",18,4,5
"M","A",41,2,3
"M","C",18,6,4
"F","C",24,5,5
"F","B",29,8,5
"F","A",25,3,3
"F","A",42,31,3
"F","A",43,12,2
"F","A",38,9,1
"M","B",19,1,4
"M","A",21,5,5
"F","A",29,18,3
"F","A",33,5,2
"M","B",20,6,5
"M","B",15,9,5
"M","B",31,8,5
"M","A",44,17,3
"F","B",43,13,3
"F","A",30,3,2
"M","A",35,11,3
"F","B",23,8,4
"F","B",21,9,4
"M","C",21,2,4
"F","A",25,9,4
"F","C",20,10,5
"F","A",30,5,5
"M","A",17,14,5
"F","A",16,1,3
"F","A",27,3,3
"F","B",15,2,3
"M","C",17,6,4
"F","A",22,2,4
"F","A",22,4,4
"F","B",19,1,3
"F","C",32,1,3
"F","B",36,22,5
"M","A",48,21,3
"M","B",17,1,4
"M","C",16,4,6
"F","C",43,19,2
"M","A",25,2,3
"F","B",35,10,4
"F","B",25,9,3
"M","B",27,12,5
"F","A",26,6,3
"M","C",25,8,3
"F","A",17,16,3
"M","C",23,11,5
"F","B",30,12,5
"M","A",18,5,4
"M","C",20,5,5
"F","B",48,31,3
"F","C",15,1,4
"F","B",20,12,4
"F","B",22,3,3
"M","A",27,4,3
"F","D",37,13,5
"M","B",18,4,3
"F","D",19,5,3
"M","A",23,3,3
"M","B",17,15,5
"M","C",34,8,5
"F","A",19,2,4
"F","B",21,8,5
"M","D",25,8,3
"F","A",26,8,2
"F","A",26,4,2
"F","B",16,5,3
"F","A",39,11,6
"F","A",34,1,3
"F","D",23,22,5
"M","B",17,12,5
"M","A",17,4,5
"F","D",32,4,4
"M","C",17,17,5
"M","B",33,12,5
"M","B",15,2,3
"M","A",16,3,3
"F","C",22,11,5
"F","A",51,28,3
"M","A",20,9,4
"F","A",41,1,2
"M","B",17,5,5
"M","A",15,1,4
"M","B",16,3,3
"F","A",27,2,3
"M","A",32,9,3
"F","A",34,21,3
"M","C",30,13,4
"M","A",20,2,4
"F","A",20,3,3
"M","B",22,11,3
"F","C",35,2,3
"M","C",20,5,5
"M","C",22,2,4
"F","B",33,14,3
"F","D",26,1,2
"F","C",15,5,4
"M","C",28,7,4
"F","B",21,6,3
"F","A",30,2,4
"F","B",17,4,5
"M","A",59,47,4
"M","A",27,1,4
"M","C",22,11,5
"M","B",22,1,4
"M","B",18,5,5
"F","A",25,1,2
"M","C",51,20,5
"M","B",35,23,3
"F","A",27,3,4
"M","A",41,24,3
"F","A",39,1,2
"M","A",42,6,1
"M","D",19,9,5
"F","B",16,2,3
"F","A",65,17,2
"M","B",18,3,3
"F","A",16,3,3
"M","C",21,6,5
"F","C",38,1,3
"F","B",18,8,3
"F","B",33,15,5
"M","C",28,5,5
"M","C",37,22,4
"F","B",31,16,5
"F","B",19,5,5
"F","B",18,4,5
"F","C",15,6,5
"M","A",21,4,3
"F","B",31,1,3
"F","B",21,9,4
"F","A",26,5,5
"F","B",26,1,4
"F","C",23,11,5
"F","C",21,14,5
"F","B",16,6,3
"F","B",15,1,3
"F","A",19,3,4
"F","B",18,3,3
"M","A",18,2,3
"M","B",15,7,3
"F","B",40,21,4
"F","A",19,3,4
"M","B",16,3,3
"F","A",25,8,5
"M","C",15,6,5
"M","B",16,1,3
"M","B",34,3,3
"F","B",15,5,3
"F","A",34,9,3
"M","B",18,19,5
"F","C",38,1,3
"F","B",27,13,4
"F","B",36,17,5
"F","B",18,5,4
"F","B",29,8,3
"M","B",26,6,4
"M","C",15,1,4
"M","B",18,5,5
"F","A",22,5,3
"M","A",29,0,3
"M","A",28,4,3
"M","D",46,4,5
"M","A",16,11,5
"F","A",43,0,3
"M","A",15,4,5
"F","C",28,1,3
"F","C",50,36,5
"F","C",25,10,4
"F","A",37,8,2
"F","C",22,9,5
"F","A",16,2,4
"M","B",34,19,4
"F","C",29,5,5
"M","A",15,10,5
"F","B",15,1,4
"F","B",18,3,4
"F","C",20,13,5
"M","B",24,5,4
"M","C",16,2,4
"M","D",16,6,5
"F","A",19,2,3
"M","B",34,13,5
"M","C",15,6,5
"M","A",18,7,4
"M","B",21,11,5
"F","A",52,15,2
"M","B",41,4,4
"F","A",24,7,5
"M","D",15,14,5
"F","A",22,8,3
"F","B",16,5,5
"F","C",19,6,5
"F","A",27,15,3
"F","A",36,12,3
"F","B",22,10,3
"M","A",16,6,5
"M","B",27,13,5
"F","A",27,3,2
"F","C",20,3,4
"M","B",25,9,5
"F","A",20,15,5
"M","D",28,1,3
"F","A",16,4,5
"F","A",29,7,5
"F","C",20,21,5
"M","D",19,12,4
"M","B",25,18,4
"M","B",15,16,5
"F","B",41,30,6
"F","C",31,13,5
"F","A",16,2,4
"F","A",28,3,4
"F","A",26,14,3
"F","D",43,25,4
"F","B",16,5,5
"F","B",27,6,3
"M","B",34,15,3
"M","B",46,18,3
"F","C",36,14,3
"M","A",37,7,2
"F","B",38,27,5
"M","D",27,3,4
"F","B",27,16,4
"F","B",33,4,3
"F","A",34,2,3
"F","C",16,3,3
"M","D",21,23,5
"M","B",20,5,4
"F","A",23,10,3
"F","A",33,6,2
"M","A",34,1,2
"F","A",25,5,2
"M","B",26,5,3
"F","C",46,5,3
"F","A",22,16,4
"M","B",19,1,4
"M","B",19,8,4
"M","A",18,6,3
"F","A",27,3,3
"F","B",27,9,5
"F","A",30,8,4
"M","D",15,13,5
"F","A",25,9,3
"M","B",34,26,4
"F","A",33,3,1
"F","C",40,10,4
"F","D",23,7,3
"F","A",15,1,4
"M","B",15,6,3
"M","D",23,4,5
"M","B",22,11,3
"F","B",16,4,4
"F","C",27,1,2
"M","B",35,10,4
"M","B",16,6,5
"M","B",16,6,5
"F","A",31,5,3
"F","B",20,7,4
"F","B",15,12,5
"F","A",16,3,3
"M","A",15,8,5
"M","A",25,5,3
"F","B",21,10,5
"M","A",43,24,4
"M","C",33,24,5
"M","C",32,4,5
"F","A",40,1,3
"M","B",17,2,3
"M","C",28,6,5
"F","A",20,8,4
"M","B",20,3,3
"F","C",26,0,3
"F","B",17,4,5
"F","A",16,7,3
"F","C",34,12,3
"M","A",21,8,4
"M","A",44,26,5
"F","B",32,21,5
"M","B",31,1,4
"M","A",24,11,5
"F","C",15,9,5
"F","B",24,14,3
"M","B",27,14,3
"F","A",16,5,5
"M","C",15,4,5
"F","B",41,26,3
"F","C",30,10,5
"F","B",28,35,5
"M","D",21,7,5
"M","C",16,3,5
"M","B",16,11,5
"F","B",19,1,4
"F","A",26,1,2
"F","B",23,6,5
"F","A",31,15,3
"M","B",24,7,5
"F","B",20,9,4
"M","A",25,6,4
"F","A",37,11,4
"M","D",20,5,5
"F","A",26,1,3
"F","A",31,4,3
"F","B",17,9,3
"F","A",21,6,4
"F","B",17,8,5
"M","A",15,1,3
"M","B",30,11,4
"F","A",27,2,3
"M","A",33,6,1
"M","A",15,1,3
"M","A",17,2,4
"F","C",26,12,3
"F","B",24,10,3
"F","A",50,23,3
"F","A",20,10,5
"M","D",20,11,4
"F","D",22,3,4
"F","B",29,15,4
"F","B",26,17,3
"M","A",42,9,4
"F","B",15,4,4
"F","C",28,5,3
"M","A",30,8,3
"M","B",16,6,5
"F","B",16,2,4
"F","C",18,9,5
"F","A",21,5,4
"M","C",32,7,5
"F","B",15,2,5
"M","C",31,23,3
"F","A",26,1,3
"M","B",16,3,3
"F","B",16,2,3
"F","B",21,3,4
"F","B",19,13,5
"F","A",18,2,3
"F","B",32,11,4
"M","B",15,1,4
"F","A",36,5,4
"M","C",18,2,5
"F","A",32,7,4
"M","C",17,10,5
"F","A",29,3,3
"F","A",23,7,3
"M","C",21,15,5
"M","A",15,2,4
"M","B",15,4,4
"F","A",25,4,3
"M","B",17,5,5
"F","A",16,3,3
"M","D",24,9,4
"F","B",17,1,3
"F","B",24,3,3
"M","D",26,8,5
"M","A",23,12,5
"M","B",25,11,4
"F","A",46,16,2
"F","C",30,6,3
"F","B",17,3,3
"M","A",31,10,2
"M","B",16,11,5
"M","A",29,7,3
"F","A",29,9,3
"M","C",49,23,5
"M","B",25,11,3
"F","A",26,0,3
"M","A",22,7,5
"M","A",25,2,4
"M","B",39,6,5
"M","C",15,11,5
"M","B",23,5,4
"M","A",17,2,3
"F","C",24,21,5
"F","A",15,5,6
"M","B",23,12,3
"F","A",16,2,4
"F","C",20,9,5
"F","B",15,1,4
"F","A",27,2,3
"F","B",21,2,3
"M","A",15,2,3
"M","B",25,9,3
"F","C",30,5,2
"M","B",19,10,3
"M","D",18,7,5
"F","A",26,1,3
"F","C",48,1,2
"F","C",17,13,5
"M","B",16,1,4
"M","B",15,4,5
"F","B",22,28,5
"F","B",22,11,3
"M","A",29,6,3
"M","A",18,1,3
"M","A",24,5,4
"F","A",23,9,3
"F","A",26,6,2
"F","A",15,7,5
"F","C",15,4,5
"F","C",19,5,5
"F","B",15,1,3
"F","A",37,2,3
"M","B",17,1,3
"M","B",16,6,5
"M","D",26,9,5
"M","A",19,9,4
"F","C",18,4,4
"F","A",32,22,3
"F","A",18,17,5
"F","A",32,5,2
"M","C",40,10,5
"M","C",16,4,4
"M","B",15,4,4
"F","C",22,9,5
"F","B",22,3,5
"F","A",32,14,4
"F","B",22,15,3
"F","A",17,5,3
"F","B",21,2,3
"F","B",36,16,4
"F","C",16,7,5
"F","A",34,4,3
"F","A",35,10,4
"F","A",28,7,3
"F","A",22,8,5
"M","B",21,4,3
"F","C",32,20,5
"M","D",18,7,5
"F","A",27,4,3
"F","B",34,7,5
"M","A",34,5,4
"F","A",31,3,3
"F","A",15,5,4
"F","B",33,8,4
"M","B",16,9,3
"F","D",18,8,3
"F","A",29,1,3
"F","A",26,14,5
"F","A",44,1,3
"M","D",17,1,3
"M","A",21,21,5
"F","A",33,7,2
"F","B",32,23,4
"M","C",41,13,5
"F","A",31,2,3
"M","B",24,11,3
"F","A",19,5,4
"M","A",57,6,2
"F","C",25,10,4
"M","A",33,9,3
"F","C",15,4,5
"M","C",21,7,5
"F","C",26,1,3
"F","C",17,5,5
"F","C",31,8,5
"F","A",35,5,3
"F","A",27,4,4
"F","C",16,4,5
"F","B",15,4,5
"F","A",27,9,3
"F","C",19,4,5
"M","C",19,1,4
"F","C",33,7,6
"F","B",20,9,5
"M","B",34,20,4
"F","C",21,5,5
"M","C",25,9,3
"F","A",21,26,5
"F","A",29,1,1
"F","A",37,6,4
"F","A",25,3,1
"F","B",31,6,4
"M","C",22,3,3
"M","D",32,6,3
"M","B",16,6,3
"F","C",31,6,5
"F","D",22,7,3
"F","C",25,7,5
"M","A",39,12,3
"F","B",20,1,4
"F","A",29,3,4
"F","A",20,8,5
"F","A",23,12,3
"F","A",33,6,3
"F","C",29,24,4
"F","C",44,5,5
"F","A",27,2,2
"F","A",28,4,3
"M","B",32,11,5
"F","A",29,3,3
"M","B",20,1,4
"F","A",16,5,3
"F","D",23,9,4
"M","B",18,4,5
"F","B",18,4,5
"M","B",21,7,3
"F","A",47,1,3
"F","A",25,1,2
"F","A",36,1,3
"M","B",33,7,3
"M","B",18,6,4
"F","C",34,17,5
"M","B",20,4,3
"F","A",36,9,3
"M","B",15,8,3
"M","B",23,15,5
"M","B",20,1,3
"M","C",31,31,5
"M","C",15,4,5
"F","A",35,2,3
"F","A",33,16,5
"M","C",16,9,5
"F","A",39,1,2
"M","B",18,1,3
"M","C",17,2,3
"M","C",16,11,3
"M","A",22,16,5
"F","A",15,2,3
"M","A",33,6,4
"F","A",32,8,5
"M","C",19,11,5
"F","A",27,4,4
"F","B",16,1,3
"M","A",17,2,3
"F","C",17,3,3
"F","B",16,8,4
"F","C",15,10,5
"F","A",39,8,5
"M","B",36,11,4
"F","A",19,2,4
"M","A",20,14,5
"F","A",44,11,2
"F","C",30,18,4
"F","D",17,6,5
"F","B",18,15,3
"M","B",18,2,3
"F","A",15,1,4
"M","B",28,32,5
"M","A",35,6,3
"F","A",17,12,5
"M","C",18,6,3
"F","B",15,1,4
"M","B",21,4,4
"M","C",15,6,3
"F","A",48,29,4
"F","A",36,9,4
"F","B",28,9,5
"M","B",27,14,5
"F","A",33,14,4
"F","B",15,1,3
"F","B",24,1,3
"F","C",22,9,6
"M","A",34,8,2
"F","D",34,22,4
"M","A",36,4,3
"F","B",17,7,5
"F","A",21,1,4
"F","D",15,14,5
"M","B",17,2,3
"M","B",24,6,4
"F","A",29,11,3
"M","A",27,5,5
"M","B",15,7,5
"F","B",16,2,3
"F","B",23,1,4
"F","D",26,8,5
"M","C",25,12,5
"F","C",16,4,5
"F","B",19,3,3
"F","D",21,3,4
"M","B",23,7,4
"F","B",38,6,3
"M","A",24,12,3
"M","B",20,6,3
"M","C",18,18,5
"F","D",19,4,5
"M","A",31,11,2
"F","C",26,10,3
"F","C",25,19,5
"F","A",27,6,2
"F","A",30,9,4
"M","C",24,12,3
"F","A",34,11,2
"M","B",17,1,4
"F","A",31,4,2
"F","A",26,1,5
"M","A",23,7,3
"F","B",33,6,4
"F","A",27,3,3
"M","C",21,8,4
"F","C",18,10,3
"M","A",32,9,5
"M","A",17,12,5
"M","C",30,12,3
"F","A",32,16,3
"F","A",33,9,3
"M","B",18,1,3
"M","B",19,7,5
"F","D",32,7,3
"M","D",19,4,5
"F","B",15,6,5
"F","B",17,1,3
"F","D",19,13,5
"F","B",30,10,3
"F","B",15,6,4
"F","C",20,3,2
"F","A",26,1,3
"F","C",31,1,3
"F","B",17,6,4
"M","B",19,6,3
"F","B",23,9,5
"M","B",32,26,4
"F","B",25,4,3
"M","A",23,15,5
"F","C",15,15,5
"M","C",21,7,6
"M","B",20,6,4
"F","B",27,10,3
"F","A",25,7,4
"M","A",17,3,4
"M","B",35,15,3
"F","A",29,8,3
"M","B",34,15,4
"M","A",22,3,3
"F","B",30,3,3
"F","A",28,0,2
"M","D",44,17,5
"F","A",28,3,4
"M","B",17,4,5
"F","B",15,4,5
"F","A",30,1,3
"M","C",30,19,5
"M","C",25,11,3
"M","A",23,5,5
"M","C",20,22,4
"M","A",16,12,5
"F","A",17,2,4
"M","B",17,3,4
"M","A",37,5,3
"F","B",15,7,5
"M","A",20,3,5
"M","B",16,5,4
"M","C",21,7,5
"M","C",20,9,3
"F","A",16,1,4
"F","A",21,16,5
"F","C",19,6,5
"M","C",29,4,5
"F","C",25,16,5
"M","B",26,11,3
"F","A",26,4,5
"M","C",24,20,5
"F","A",48,10,3
"M","D",17,8,5
"M","C",57,30,4
"F","A",23,7,3
"F","D",19,4,4
"M","D",15,2,4
"M","C",26,1,3
"M","D",24,6,5
"M","B",17,4,4
"M","A",35,10,4
"M","D",23,2,3
"F","B",23,9,3
"F","C",33,12,5
"F","B",16,2,3
"F","B",48,10,4
"M","A",15,4,4
"M","B",33,16,3
"M","B",20,4,3
"F","B",27,6,3
"F","B",16,2,3
"M","B",25,8,5
"F","A",30,12,3
"M","B",16,5,5
"F","D",38,2,3
"M","C",18,14,5
"F","C",28,2,4
"M","D",16,2,4
"F","A",38,18,3
"F","C",25,1,3
"F","B",41,25,4
"F","A",16,1,3
"F","B",37,25,4
"F","C",19,10,5
"M","A",17,2,4
"F","A",21,11,5
"F","D",39,27,5
"F","D",54,22,3
"F","D",16,1,4
"F","B",19,1,4
"F","C",21,2,3
"M","C",23,7,5
"F","A",19,4,4
"F","C",16,4,5
"M","D",15,5,5
"M","D",18,10,5
"M","B",24,8,3
"M","A",17,2,4
"F","A",19,4,4
"F","B",35,4,3
"F","B",21,8,4
"F","C",28,14,5
"M","B",15,2,4
"F","C",18,1,4
"F","B",21,5,5
"M","B",20,4,3
"M","B",16,8,5
"F","A",33,1,3
"M","A",17,9,3
"M","C",21,1,4
"F","B",18,12,5
"F","B",23,4,4
"F","A",33,15,5
"M","B",25,7,5
"F","A",32,2,3
"M","B",24,8,3
"F","B",20,1,4
"M","B",32,9,3
"F","B",21,5,5
"M","B",21,9,5
"F","B",31,14,3
"M","D",23,4,5
"F","A",22,21,5
"F","B",32,7,4
"F","A",25,9,4
"F","A",54,14,3
"F","B",20,10,4
"M","D",23,7,4
"F","B",22,6,5
"M","B",16,9,3
"F","C",28,4,3
"F","A",22,2,3
"F","B",44,17,3
"M","A",15,1,3
"F","B",29,10,4
"M","A",23,4,5
"F","C",15,4,4
"M","A",42,7,2
"M","B",28,7,5
"F","A",34,9,3
"F","A",31,5,3
"M","C",19,5,5
"F","C",28,5,3
"F","C",18,7,5
"F","B",47,16,4
"M","C",15,11,5
"F","A",18,3,4
"M","B",17,10,5
"M","A",23,12,3
"F","B",18,4,3
"F","C",27,1,3
"F","D",33,14,3
"F","A",23,1,4
"F","A",20,10,5
"M","B",61,26,3
"F","C",34,19,3
"M","B",22,4,5
"M","B",18,9,3
"F","B",19,10,4
"M","B",15,1,3
"M","B",19,11,3
"F","B",21,7,3
"F","B",16,5,3
"F","A",33,21,4
"M","A",19,8,4
"F","A",22,6,4
"F","A",19,10,5
"M","B",26,4,4
"M","B",16,14,5
"M","B",28,16,4
"M","A",20,2,3
"M","C",45,5,4
"F","A",24,8,4
"M","B",18,12,5
"F","A",28,1,1
"M","B",16,16,5
"F","B",27,15,5
"M","B",15,13,5
"F","B",18,1,3
"F","C",18,7,5
"M","C",16,5,4
"M","B",38,16,3
"M","D",18,10,5
"F","B",16,2,3
"F","B",19,9,4
"F","A",26,1,3
"F","A",32,5,3
"M","B",19,5,5
"F","B",15,1,4
"F","B",24,15,5
"M","B",24,4,5
"F","B",34,11,3
"M","A",30,10,4
"F","D",15,9,5
"F","B",16,6,4
"F","B",31,16,4
"F","C",19,5,4
"F","A",30,7,3
"M","B",22,8,3
"F","B",20,5,4
"F","A",25,0,2
"F","B",21,11,3
"M","A",38,6,5
"F","C",34,12,3
"F","B",20,4,5
"F","A",31,2,2
"F","A",56,5,3
"M","C",22,7,5
"F","B",18,4,4
"F","C",30,15,4
"M","B",25,2,3
"F","B",17,4,4
"F","B",17,4,4
"F","B",15,6,4
"M","C",30,14,4
"M","D",18,3,3
"F","A",26,1,3
"F","B",15,1,4
"M","A",20,17,5
"F","B",15,8,3
"F","B",29,4,2
"M","B",19,8,5
"F","B",22,9,5
"F","A",30,6,3
"F","C",26,6,3
"F","A",26,5,3
"F","B",26,3,3
"M","B",15,3,5
"M","C",25,5,6
"M","B",16,6,5
"F","A",30,11,3
"F","A",27,2,4
"F","B",21,5,3
"M","C",23,2,3
"F","B",48,50,4
"M","C",27,2,3
"F","A",26,6,3
"M","B",18,16,5
"F","A",18,1,4
"F","B",18,3,4
"M","B",29,17,5
"F","D",15,4,3
"F","C",18,2,4
"M","D",15,9,5
"F","A",46,17,5
"F","A",16,8,4
"F","C",26,4,1
"M","B",19,2,4
"F","B",21,20,5
"F","A",26,5,5
"M","B",19,2,4
"F","B",21,1,3
"F","C",35,6,3
"F","B",19,13,3
"F","A",27,14,4
"F","A",15,2,4
"F","B",29,12,5
"M","A",39,15,3
"M","B",18,7,4
"M","C",22,13,5
"F","A",31,3,3
"M","B",25,4,5
"F","A",36,20,3
"F","B",24,5,5
"M","B",19,4,4
"F","A",28,2,5
"F","A",27,1,3
"F","C",24,21,5
"F","C",16,6,5
"M","A",15,1,4
"M","C",35,7,4
"F","C",21,7,3
"M","B",31,15,4
"F","B",15,5,5
"F","A",32,0,3
"F","A",32,7,2
"F","A",15,2,4
"M","C",25,17,5
"F","A",44,7,3
"F","C",33,6,3
"F","C",34,21,5
"F","C",40,11,5
"M","B",18,5,5
"F","A",25,4,3
"M","B",28,18,5
"F","A",31,3,3
"M","A",31,4,5
"F","D",15,1,4
"M","B",25,11,5
"F","A",18,6,5
"F","A",38,14,2
"M","C",23,5,4
"M","B",15,26,4
"F","A",36,11,3
"M","B",21,5,3
"F","B",18,1,4
"M","B",33,49,5
"F","D",42,13,3
"M","A",15,14,5
"M","A",50,2,2
"M","A",19,5,5
"F","B",41,7,5
"M","A",16,6,3
"M","B",18,8,5
"F","D",33,18,4
"M","B",19,1,4
"F","B",15,4,5
"F","C",30,11,3
"F","D",15,5,4
"F","B",21,2,4
"F","B",22,8,3
"F","B",17,4,5
"F","B",25,15,4
"F","A",15,2,3
"M","B",56,28,3
"F","A",18,8,5
"F","B",30,1,3
"M","C",20,6,3
"M","D",37,31,5
"M","A",21,5,3
"M","A",27,6,3
"M","A",16,2,4
"F","A",27,16,3
"M","B",18,7,4
"F","D",16,4,5
"F","A",34,21,4
"M","D",19,2,4
"M","C",18,9,3
"M","C",18,7,5
"F","C",26,4,2
"F","A",27,3,3
"F","D",25,2,3
"F","B",43,20,3
"M","A",15,1,4
"F","A",25,5,3
"M","B",15,2,3
"F","A",26,4,3
"F","D",55,13,3
"F","B",51,15,3
"M","A",29,12,3
"F","A",21,9,4
"F","B",24,15,3
"M","A",21,7,3
"F","A",17,2,5
"M","B",50,9,5
"M","C",16,39,5
"M","B",37,24,4
"F","A",32,6,3
"M","A",30,6,3
"F","A",35,2,3
"F","A",21,13,3
"M","A",20,10,4
"F","B",15,7,4
"F","D",16,3,3
"F","D",31,15,3
"F","A",41,10,3
"F","C",15,10,4
"F","B",34,8,5
"M","A",15,1,4
"F","A",30,5,3
"M","A",18,1,3
"F","C",16,6,6
"F","C",41,17,5
"M","C",28,1,5
"M","C",24,4,3
"M","B",23,6,5
"M","A",25,6,3
"F","B",33,36,4
"M","D",19,4,5
"F","C",15,8,5
"M","B",33,19,4
"F","D",25,9,5
"F","C",18,5,3
"F","A",17,5,5
"M","A",38,10,3
"M","B",18,2,3
"F","B",27,8,4
"M","A",16,6,3
"F","B",18,12,4
"F","A",28,4,4
"F","B",19,6,5
"F","A",27,14,2
"M","C",17,10,5
"F","C",32,2,2
"M","A",15,5,4
"M","B",35,10,3
"F","B",25,15,4
"M","C",26,3,3
"M","C",55,25,5
"F","A",16,10,3
"F","D",18,4,5
"F","B",25,2,4
"M","C",18,2,3
"F","C",29,6,3
"F","B",27,10,5
"F","A",25,2,4
"F","C",31,8,3
"F","C",17,3,4
"F","A",37,4,4
"M","D",16,6,5
"F","B",52,9,5
"M","B",34,45,3
"F","A",20,4,4
"F","A",25,1,4
"F","A",58,21,1
"M","B",15,12,5
"M","B",18,8,5
"F","A",27,2,3
"F","A",30,2,2
"M","D",15,9,5
"F","A",39,9,3
"F","C",23,10,5
"M","C",24,4,4
"F","A",16,4,4
"F","C",32,15,5
"M","D",15,8,5
"M","B",15,1,4
"M","A",15,1,4
"F","B",21,9,4
"M","D",19,10,5
"F","C",15,5,5
"M","A",28,3,3
"M","A",16,1,4
"M","D",15,7,4
"F","B",25,26,5
"M","B",29,17,5
"F","B",24,17,5
"M","B",25,6,5
"M","B",31,9,5
"M","B",16,6,3
"F","B",29,2,3
"M","B",18,2,4
"F","A",19,10,3
"M","A",59,11,5
"M","B",39,21,5
"M","C",38,6,5
"F","B",15,5,4
"M","A",15,2,4
"F","A",19,9,3
"M","C",19,4,5
"F","A",21,7,5
"M","C",32,12,4
"F","B",26,9,3
"M","B",27,6,5
"F","A",30,3,3
"F","A",26,1,2
"F","B",16,1,4
"F","A",30,3,4
"M","C",26,10,3
"F","D",27,7,3
"F","C",24,12,5
"M","A",22,12,3
"F","A",27,4,5
"M","A",29,13,4
"F","B",20,6,4
"M","B",24,12,3
"M","B",31,12,5
"M","C",31,13,5
"F","A",26,19,4
"F","A",15,2,3
"M","A",28,8,3
"M","B",15,5,4
"F","B",17,9,5
"F","B",16,1,4
"M","D",31,6,5
"F","A",47,5,4
"F","A",45,6,5
"M","A",28,2,3
"M","B",26,19,3
"F","A",39,10,3
"M","A",18,22,5
"M","A",16,2,4
"F","A",26,4,3
"M","B",23,5,4
"M","B",17,11,5
"M","B",17,1,4
"F","B",17,1,3
"F","A",22,8,4
"M","A",19,2,4
"F","A",25,3,4
"M","B",17,6,5
"M","B",23,1,4
"F","C",35,29,3
"F","B",34,3,4
"M","D",25,18,4
"F","A",26,2,4
"F","A",19,4,4
"M","C",19,4,5
"M","D",15,9,5
"M","B",47,13,3
"M","A",17,4,3
"F","B",39,7,4
"M","B",16,1,3
"M","B",40,24,3
"M","A",18,4,5
"M","C",22,6,5
"M","C",21,16,5
"F","C",23,5,5
"F","B",26,0,3
"F","C",19,4,5
"M","B",25,8,4
"F","C",17,4,5
"M","C",21,13,5
"F","B",36,8,3
"M","B",18,14,4
"F","C",19,8,5
"F","A",51,23,4
"F","C",28,6,1
"F","A",22,9,5
"F","C",35,3,2
"M","A",26,5,3
"M","A",16,1,4
"F","B",24,8,5
"M","A",20,13,5
"M","B",33,1,4
"M","B",35,19,5
"M","D",15,1,3
"M","B",23,6,3
"F","A",28,5,4
"F","B",22,16,5
"F","B",19,8,5
"F","C",17,3,4
"M","C",25,7,5
"M","B",49,19,5
"F","A",20,10,3
"M","B",15,2,4
"F","B",33,0,3
"F","A",33,13,3
"F","A",18,3,4
"M","B",16,6,5
"F","A",29,11,3
"F","B",38,16,5
"F","A",26,1,2
"M","A",22,5,5
"F","C",19,2,4
"F","B",43,16,4
"F","B",37,21,3
"F","A",29,3,5
"M","A",15,4,5
"F","C",21,7,5
"F","A",33,5,3
"F","C",30,3,1
"F","C",15,4,5
"M","C",15,5,5
"F","D",17,11,5
"M","B",16,5,5
"F","B",19,8,3
"F","B",25,1,4
"F","B",34,7,3
"M","A",28,18,5
"M","B",23,7,3
"F","A",36,6,3
"M","C",16,6,5
"F","A",15,5,3
"F","B",24,15,4
"F","B",25,5,3
"F","A",29,1,3
"M","C",19,4,4
"F","A",32,16,3
"F","A",16,4,3
"M","A",37,9,5
"M","B",44,8,5
"F","B",26,3,4
"M","B",22,7,5
"F","B",28,12,3
"F","C",24,12,5
"M","A",22,1,5
"M","C",15,11,5
"M","A",19,7,4
"M","B",44,3,2
"F","A",30,1,3
"M","B",20,16,3
"F","C",27,5,3
"F","B",34,21,5
"M","B",43,15,4
"F","A",19,2,4
"F","B",20,5,5
"F","D",19,9,4
"M","B",16,4,5
"M","D",36,18,4
"F","A",28,7,3
"F","A",59,27,3
"M","C",15,2,4
"M","B",15,2,4
"F","C",17,13,3
"F","B",20,4,5
"M","A",28,17,3
"M","D",18,2,3
"F","C",17,6,5
"F","C",28,6,5
"F","B",34,12,3
"F","B",17,3,4
"M","A",16,6,5
"F","B",17,2,3
"F","C",20,5,5
"F","B",22,2,3
"F","D",26,1,4
"M","A",17,2,3
"F","A",28,2,3
"F","C",32,4,5
"F","A",43,6,3
"F","A",39,3,3
"F","B",15,10,5
"M","B",29,10,3
"M","A",40,5,3
"M","B",26,16,5
"M","C",38,8,5
"M","B",17,1,3
"F","C",15,1,4
"F","A",26,11,4
"F","A",15,1,4
"M","A",29,4,3
"F","A",20,15,5
"F","A",18,1,3
"F","C",18,5,3
"F","B",15,1,3
"F","B",20,5,4
"F","B",29,12,3
"M","A",22,9,5
"F","B",28,10,3
"M","B",20,4,3
"F","B",41,21,3
"F","B",18,8,4
"F","A",28,2,1
"M","A",29,6,5
"M","C",18,6,5
"F","B",24,26,4
"M","A",58,2,2
"M","B",18,1,4
"F","C",19,8,4
"M","D",22,6,4
"F","A",21,31,5
"M","A",25,2,2
"M","D",17,6,5
"M","C",18,11,5
"F","A",45,30,4
"F","B",16,3,3
"F","B",25,5,4
"F","A",57,35,4
"F","B",27,6,4
"F","A",25,3,3
"F","D",32,4,3
"F","B",24,6,3
"F","D",19,4,3
"F","D",19,10,3
"F","C",32,11,2
"F","B",15,1,4
"F","A",35,24,4
"F","C",21,12,5
"M","A",17,5,5
"F","B",21,2,3
"F","B",16,3,3
"M","A",41,20,3
"M","B",23,4,4
"M","B",22,2,4
"F","B",21,5,3
"M","C",19,13,5
"M","B",21,20,5
"M","B",15,1,3
"F","B",18,18,5
"M","A",27,6,3
"F","B",16,3,3
"M","B",20,11,5
"F","D",33,4,5
"F","A",16,10,4
"M","C",17,1,3
"M","A",17,9,5
"M","B",22,11,4
"M","B",16,9,5
"M","C",23,5,5
"F","A",20,6,5
"F","A",29,9,2
"F","B",20,4,5
"F","B",47,27,4
"F","D",35,0,4
"M","A",36,12,5
"F","A",20,4,3
"F","C",15,2,4
"F","B",17,7,4
"F","B",17,6,5
"F","A",22,6,3
"F","C",32,10,4
"F","C",19,3,3
"M","A",31,13,4
"M","C",20,10,5
"F","B",29,5,3
"M","B",27,5,5
"F","A",27,0,3
"F","C",16,6,4
"M","B",18,8,4
"M","B",34,12,3
"F","C",27,7,5
"M","A",21,3,4
"F","C",16,9,4
"F","B",15,2,3
"M","A",21,20,3
"M","A",26,9,3
"F","B",37,16,4
"M","A",20,19,5
"M","D",26,4,4
"M","B",24,7,5
"F","A",15,8,5
"M","C",20,4,5
"F","A",27,2,3
"F","A",20,1,3
"M","B",15,5,5
"F","B",18,19,5
"F","B",17,3,3
"F","C",20,4,4
"M","B",19,4,5
"F","B",18,2,3
"M","B",35,9,5
"M","C",16,3,4
"M","C",31,25,4
"M","A",20,4,3
"F","A",43,12,3
"F","A",15,3,3
"F","A",19,5,5
"M","B",19,7,3
"M","C",16,4,5
"F","A",17,4,5
"M","B",25,17,5
"M","C",19,30,5
"F","A",15,4,3
"M","B",24,15,5
"F","B",23,12,5
"F","C",15,7,5
"F","B",26,11,5
"F","C",28,5,3
"M","A",27,13,3
"F","B",20,19,4
"M","B",16,1,3
"F","C",17,3,4
"F","B",36,4,3
"M","C",15,6,5
"M","C",16,5,5
"F","C",29,1,3
"F","B",34,15,3
"F","A",26,1,5
"F","B",30,13,4
"F","B",24,8,4
"F","A",36,5,2
"F","C",25,7,5
"F","C",26,2,2
"F","B",22,5,3
"F","A",28,2,3
"F","C",44,2,3
"F","C",49,17,3
"F","B",23,1,5
"M","B",16,7,5
"F","B",21,10,5
"F","A",25,1,3
"F","A",20,4,4
"M","A",15,4,5
"F","A",26,5,3
"F","A",36,12,2
"F","A",19,3,4
"F","B",21,1,4
"M","C",30,13,5
"F","B",18,1,3
"F","B",17,3,4
"M","B",23,11,5
"M","A",19,5,5
"F","B",26,6,4
"F","B",40,24,3
"M","B",17,6,5
"M","B",16,3,3
"F","C",25,9,3
"F","B",17,3,3
"M","B",15,2,3
"M","A",24,20,3
"M","A",21,10,3
"F","B",16,8,3
"M","B",18,5,5
"F","B",16,1,3
"M","C",21,5,3
"F","A",15,3,4
"M","B",26,10,3
"M","C",18,7,4
"F","B",35,13,4
"F","B",17,5,4
"M","A",19,2,4
"F","A",17,1,4
"F","A",17,2,3
"F","C",35,10,6
"F","A",32,7,3
"M","A",32,15,3
"F","A",29,11,3
"M","A",27,20,3
"M","A",22,20,5
"M","B",25,2,3
"M","A",35,1,3
"F","B",43,23,3
"F","B",18,10,5
"M","B",16,6,5
"M","A",21,9,4
"M","B",17,6,5
"M","B",16,8,3
"F","A",28,6,3
"M","A",22,12,4
"M","A",25,11,3
"F","A",29,12,3
"F","A",35,1,2
"F","B",35,3,4
"M","B",17,5,4
"M","B",54,14,3
"M","C",18,8,3
"F","B",31,7,3
"F","C",22,9,3
"F","A",29,1,4
"F","A",26,5,3
"F","B",20,6,4
"F","B",27,10,3
"M","A",15,4,3
"F","A",19,20,5
"F","B",20,5,4
"M","A",38,14,2
"F","B",20,7,4
"M","D",21,5,6
"F","C",24,22,5
"M","B",26,13,4
"M","A",16,2,3
"M","B",16,5,5
"F","A",40,14,2
"F","A",26,5,1
"M","C",20,6,5
"F","A",19,2,3
"F","A",38,12,1
"M","C",33,11,5
"F","B",20,4,4
"F","B",33,13,4
"F","D",17,4,5
"F","B",32,4,3
"M","C",17,5,5
"M","B",22,4,4
"F","B",16,1,5
"F","B",16,6,3
"F","C",15,4,4
"F","A",22,2,4
"M","B",35,30,5
"M","A",18,10,5
"M","B",28,14,5
"F","A",57,25,4
"M","C",15,4,5
"F","D",26,16,3
"M","A",48,3,2
"F","C",16,4,5
"F","B",16,2,4
"M","A",16,6,4
"M","A",24,8,4
"M","A",18,11,4
"F","A",44,7,3
"F","C",26,2,3
"M","A",22,13,3
"M","B",17,5,5
"F","B",15,7,4
"M","A",18,3,3
"F","C",42,11,4
"M","A",39,17,5
"M","A",22,25,5
"F","B",27,1,5
"F","B",17,9,3
"M","A",17,8,5
"F","B",16,1,3
"F","A",57,33,3
"F","A",15,2,4
"F","A",25,10,2
"F","B",20,6,5
"M","B",21,4,3
"F","B",16,6,5
"F","C",27,4,2
"M","A",19,4,5
"M","C",24,8,5
"F","A",17,4,3
"M","C",22,10,4
"M","A",19,1,4
"M","A",25,6,3
"M","B",25,4,5
"M","A",17,22,5
"M","C",24,15,5
"F","A",26,17,4
"F","C",37,12,5
"F","D",16,4,4
"F","A",29,1,2
"F","C",24,11,4
"F","A",46,11,3
"M","A",15,6,5
"M","A",16,4,5
"F","C",23,26,6
"M","B",22,6,3
"F","D",26,5,3
"F","A",32,2,4
"M","A",20,4,3
"M","B",15,5,3
"M","A",28,7,3
"F","D",15,4,5
"M","C",28,23,5
"F","B",15,3,4
"F","B",27,9,3
"M","D",23,4,3
"M","A",21,3,4
"F","C",28,27,5
"M","A",17,3,3
"M","B",24,3,3
"M","D",32,15,4
"F","A",41,8,3
"F","B",20,6,5
"M","A",48,9,3
"F","B",15,10,5
"M","B",18,3,3
"F","B",34,33,5
"M","C",15,5,3
"F","B",25,10,4
"F","D",27,14,4
"F","A",28,2,4
"M","A",76,36,3
"F","A",22,17,4
"M","B",16,5,4
"F","A",15,1,3
"M","B",20,9,5
"M","C",37,22,4
"M","A",54,28,4
"F","B",25,17,6
"F","C",21,7,3
"F","C",16,4,4
"M","B",21,2,3
"M","C",23,12,5
"M","C",24,3,3
"M","A",20,4,4
"F","A",37,1,2
"M","A",42,6,1
"F","B",16,7,5
"M","C",16,4,5
"M","B",17,6,5
"F","A",35,9,1
"M","B",29,5,2
"F","C",35,16,4
"F","B",15,5,5
"F","A",46,21,4
"F","C",48,25,3
"F","C",39,4,3
"F","A",34,22,3
"M","B",15,4,3
"F","B",29,5,4
"F","B",22,9,5
"M","A",27,15,5
"M","A",28,2,5
"M","B",17,8,5
"M","C",16,9,5
"F","B",31,9,4
"F","B",21,4,5
"M","C",17,1,3
"M","C",51,23,5
"M","C",24,8,4
"F","B",39,8,5
"M","B",22,21,5
"M","C",18,4,5
"F","B",38,17,4
"F","B",24,7,5
"M","B",21,7,5
"F","A",23,8,4
"F","B",21,2,4
"F","B",15,1,5
"F","B",16,8,5
"F","B",25,3,3
"M","C",23,1,3
"F","A",18,6,4
"F","A",17,6,5
"M","C",22,7,4
"F","A",18,6,5
"F","B",19,6,5
"M","B",23,9,4
"F","A",18,5,5
"M","A",24,14,5
"M","A",41,9,4
"M","B",16,4,5
"M","B",20,6,4
"M","A",30,2,3
"F","A",19,9,4
"M","B",45,7,4
"M","C",26,11,5
"M","A",24,5,4
"M","C",24,3,4
"M","A",23,15,5
"F","B",29,16,4
"F","A",32,16,3
"F","B",17,2,4
"M","B",27,18,3
"F","C",25,3,1
"F","C",17,5,5
"F","A",28,9,3
"F","B",24,16,5
"F","A",27,2,3
"F","B",22,5,3
"F","D",16,2,4
"F","A",32,3,3
"F","A",16,11,5
"F","A",17,4,4
"M","C",39,3,3
"F","A",27,3,1
"M","C",21,3,4
"M","B",22,8,4
"M","A",30,5,4
"M","A",21,4,3
"M","B",19,6,3
"M","B",18,4,4
"F","C",18,17,5
"M","B",19,16,5
"M","B",16,1,4
"F","C",20,4,4
"F","D",19,13,4
"F","A",20,8,5
"F","B",36,18,3
"F","B",20,1,3
"M","B",29,7,5
"M","B",30,4,3
"M","B",18,4,5
"F","A",44,17,3
"F","A",34,4,2
"M","A",30,15,3
"M","A",45,18,5
"F","C",16,7,5
"M","A",20,2,3
"F","B",15,3,4
"F","A",17,1,3
"F","D",20,6,5
"F","C",26,5,3
"F","A",28,2,3
"M","B",22,8,5
"F","D",18,3,3
"F","A",46,20,3
"F","B",15,1,3
"F","B",25,1,2
"F","A",31,8,3
"F","B",24,1,3
"F","A",15,2,3
"F","C",18,3,4
"M","C",25,7,5
"F","B",41,31,3
"F","A",21,1,4
"F","C",16,23,5
"M","A",17,4,3
"F","C",27,1,1
"F","A",31,21,3
"F","A",24,2,4
"F","A",17,4,3
"F","C",21,1,3
"M","D",16,8,3
"F","B",16,3,4
"F","B",23,2,3
"F","A",33,1,3
"M","A",25,6,4
"M","B",19,6,3
"M","A",15,2,4
"M","C",19,6,5
"F","C",18,1,4
"F","B",30,18,4
"F","A",52,11,4
"M","A",33,8,5
"F","A",48,7,3
"F","B",19,1,3
"F","C",21,7,5
"M","B",15,4,5
"M","A",16,4,4
"M","C",33,23,3
"F","B",38,13,3
"F","A",32,10,3
"F","A",31,2,3
"F","B",21,5,3
"F","A",33,4,2
"M","B",25,11,4
"F","B",30,20,3
"M","B",45,30,3
"F","B",20,11,5
"F","B",26,6,3
"M","B",17,1,3
"F","C",30,16,5
"M","A",18,2,3
"F","B",15,5,5
"M","A",18,1,4
"M","A",34,3,3
"F","D",16,2,4
"F","B",17,4,3
"F","B",36,15,3
"M","B",15,4,5
"F","B",17,1,3
"M","A",33,6,5
"M","B",51,27,5
"M","B",21,3,3
"F","A",28,1,2
"F","D",42,12,3
"M","B",34,4,5
"M","B",23,18,5
"M","B",15,2,4
"M","C",21,8,3
"F","A",20,7,5
"M","B",19,4,4
"F","D",26,6,4
"F","C",26,9,3
"F","B",31,10,3
"F","B",19,6,4
"F","B",33,4,3
"F","B",20,7,3
"F","B",19,6,5
"F","A",42,5,4
"F","C",26,2,2
"F","D",15,3,4
"F","D",17,5,4
"F","C",16,6,4
"M","D",17,3,3
"F","B",15,6,3
"M","A",18,5,3
"F","A",16,1,4
"M","C",20,24,5
"F","A",35,12,2
"F","C",36,12,3
"F","A",29,9,1
"F","B",59,27,3
"F","B",23,5,4
"F","B",17,9,5
"F","C",22,5,4
"M","A",26,22,3
"F","A",23,5,4
"M","C",34,14,5
"F","A",17,5,4
"F","B",20,6,4
"F","A",34,2,4
"F","B",28,11,4
"F","C",15,1,3
"F","B",32,0,3
"F","D",16,1,3
"F","C",25,1,1
"M","B",30,8,3
"M","A",54,6,3
"F","A",36,8,4
"M","A",17,5,3
"F","A",38,3,3
"F","B",18,10,5
"F","A",17,5,5
"M","A",23,7,5
"F","A",26,1,2
"F","C",15,1,4
"F","A",28,2,3
"M","C",15,5,5
"F","B",20,4,5
"F","A",45,3,5
"M","B",22,6,3
"F","A",29,2,4
"M","C",15,2,3
"F","D",22,6,5
"F","A",25,2,3
"F","A",24,11,5
"M","A",16,2,4
"F","A",33,7,4
"M","C",16,5,5
"F","B",29,22,3
"F","A",36,14,2
"F","C",26,19,5
"F","A",26,4,4
"M","B",21,10,5
"F","B",16,2,4
"F","D",19,18,5
"M","C",18,1,4
"M","A",15,6,4
"M","B",17,17,5
"F","B",32,19,4
"M","A",18,6,5
"F","B",17,1,4
"F","B",37,9,4
"F","C",16,4,5
"M","D",36,14,5
"F","A",35,7,2
"F","B",18,4,5
"F","A",50,4,1
"M","D",22,6,5
"M","B",20,15,3
"F","B",27,32,5
"M","B",24,8,4
"M","A",34,3,3
"F","B",15,4,4
"M","B",26,7,4
"M","C",24,6,3
"M","B",20,4,3
"F","A",45,11,3
"F","B",15,6,4
"F","A",30,5,3
"M","B",16,2,3
"F","D",18,7,3
"M","C",41,11,5
"F","A",35,18,5
"F","A",32,3,3
"F","B",46,23,5
"F","A",33,8,3
"M","D",16,4,5
"F","A",15,16,5
"M","A",41,17,4
"M","B",24,9,4
"M","D",26,5,3
"M","B",15,13,4
"M","A",29,4,3
"M","A",15,2,3
"F","A",25,6,3
"F","B",15,1,2
"F","B",34,12,5
"F","A",31,4,3
"F","D",22,2,3
"F","B",23,8,3
"F","A",18,13,5
"F","A",27,1,1
"F","B",24,17,3
"F","B",15,19,5
"M","C",18,4,5
"F","C",22,2,4
"F","C",25,0,3
"M","A",26,8,5
"F","B",35,9,3
"F","A",38,11,4
"F","B",31,16,4
"M","B",20,6,3
"M","C",21,15,5
"F","B",34,8,3
"M","A",35,10,3
"M","B",55,23,3
"M","A",28,2,2
"F","A",28,7,3
"M","A",25,7,3
"M","C",23,5,5
"F","B",34,10,4
"F","A",31,7,3
"M","B",20,2,3
"M","B",15,6,4
"F","A",32,13,4
"F","B",17,1,3
"M","A",34,18,4
"M","B",37,4,5
"M","A",30,7,4
"F","B",22,3,3
"M","B",27,12,3
"F","A",26,0,3
"M","A",19,11,5
"F","A",26,10,3
"F","B",23,18,3
"F","A",29,2,3
"M","A",26,1,1
"F","B",16,7,3
"F","B",17,5,4
"F","D",15,5,3
"F","B",25,12,3
"F","A",17,10,5
"M","A",22,3,4
"F","C",25,11,4
"M","B",45,38,5
"F","A",41,3,2
"F","A",20,3,4
"M","C",19,7,5
"M","A",15,3,3
"F","B",25,2,3
"F","B",24,10,5
"M","A",22,9,5
"F","C",27,2,1
"F","A",27,13,3
"F","A",18,4,3
"M","A",15,7,5
"F","A",34,5,2
"F","B",15,4,5
"F","B",15,3,3
"F","A",20,5,4
"M","A",35,19,4
"M","C",42,8,4
"M","A",62,17,5
"F","C",28,17,5
"F","C",22,13,3
"M","C",24,9,5
"F","D",17,6,4
"F","C",38,13,5
"F","A",30,6,2
"M","C",15,11,5
"F","A",17,3,3
"F","B",40,2,3
"M","A",25,1,1
"F","A",15,5,5
"F","D",32,13,3
"F","C",34,11,4
"M","B",15,1,4
"M","C",16,1,3
"F","A",59,27,2
"F","C",31,6,3
"F","B",28,9,3
"M","B",19,4,4
"M","A",24,5,3
"F","A",31,15,3
"F","C",25,9,3
"M","A",44,18,3
"M","A",18,1,3
"F","A",26,2,3
"F","B",15,1,4
"F","C",25,1,2
"M","B",37,11,3
"F","B",37,23,4
"F","A",27,1,2
"M","B",15,5,5
"F","A",29,5,4
"M","B",25,10,5
"F","A",27,1,4
"F","B",28,7,2
"M","A",26,6,3
"F","B",25,1,3
"F","C",16,1,4
"F","C",39,18,3
"M","A",29,5,2
"M","C",16,2,4
"M","A",37,7,5
"F","A",19,6,3
"F","A",32,4,4
"M","A",18,7,5
"F","B",21,2,3
"F","C",36,20,4
"F","B",17,1,3
"M","C",20,4,3
"F","B",24,8,3
"M","B",18,9,3
"F","C",25,17,5
"M","B",19,3,3
"F","A",26,1,3
"M","B",18,2,3
"F","A",28,0,3
"F","C",58,1,1
"M","D",22,4,4
"M","C",15,5,5
"M","B",27,6,4
"F","C",19,2,4
"F","D",19,1,3
"M","B",17,6,3
"F","D",15,2,4
"F","A",34,4,4
"F","A",21,5,5
"F","A",16,4,4
"F","A",19,6,5
"M","B",16,13,5
"F","B",27,4,3
"M","A",28,19,3
"F","B",18,3,3
"M","B",36,18,3
"M","D",18,8,5
"M","A",29,7,4
"F","A",35,10,3
"F","B",24,2,3
"F","B",17,9,5
"M","C",31,9,5
"F","C",38,3,2
"F","B",20,3,4
"M","B",22,10,5
"F","B",35,1,4
"M","B",15,2,4
"F","C",26,10,4
"F","B",26,17,5
"M","B",21,5,3
"F","A",17,5,5
"F","A",26,3,3
"F","B",17,3,3
"F","B",21,14,4
"M","B",17,7,5
"F","A",16,9,5
"F","D",17,2,3
"M","B",20,4,3
"F","A",19,1,4
"F","A",30,3,3
"F","A",26,2,2
"M","D",20,5,5
"F","A",35,3,4
"M","B",22,6,4
"F","D",21,13,5
"F","C",19,9,5
"F","B",17,4,5
"F","A",19,7,3
"F","B",15,5,5
"F","B",49,22,4
"M","B",23,2,3
"M","C",26,4,5
"F","B",27,6,5
"M","A",18,3,4
"F","C",24,14,5
"F","A",30,1,3
"F","B",15,4,5
"M","B",16,8,3
"M","C",24,13,5
"F","A",25,11,3
"M","A",15,33,5
"M","A",20,6,3
"F","A",33,7,4
"M","B",22,12,6
"M","C",25,5,3
"M","D",30,10,4
"M","B",27,9,4
"M","B",27,9,4
"M","A",34,3,4
"M","C",18,7,5
"F","B",16,7,5
"F","A",16,1,4
"M","A",17,8,4
"F","A",16,3,3
"F","C",27,4,3
"M","C",26,1,3
"F","B",37,20,3
"M","B",22,1,3
"F","A",40,10,2
"F","D",42,12,3
"F","A",17,6,4
"M","B",25,6,5
"F","D",26,8,1
"F","C",27,3,3
"M","B",15,2,4
"F","A",17,4,4
"F","A",39,11,3
"M","B",63,9,2
"F","A",30,6,3
"M","C",19,6,3
"F","A",38,3,4
"M","D",27,10,5
"M","A",19,8,3
"M","A",15,2,4
"M","A",28,6,5
"F","C",34,17,3
"F","A",39,6,4
"M","B",25,5,3
"F","D",26,11,5
"F","B",25,10,3
"M","A",18,15,4
"F","B",15,4,4
"M","B",18,8,5
"M","A",47,31,3
"M","A",32,4,4
"M","C",15,3,4
"F","A",26,8,3
"M","A",17,4,4
"F","B",15,4,4
"M","B",36,9,5
"M","B",16,1,3
"F","B",25,7,5
"F","A",23,8,3
"F","A",19,6,4
"M","A",26,3,3
"M","C",17,6,5
"F","B",32,17,4
"F","C",16,4,5
"F","A",35,22,4
"F","D",43,6,4
"M","A",30,2,3
"M","B",27,8,3
"M","B",20,4,5
"F","A",17,4,5
"F","B",19,4,5
"M","B",18,8,4
"F","C",32,4,3
"F","D",16,4,5
"M","B",37,6,5
"M","B",39,17,3
"F","B",21,8,3
"F","B",31,2,3
"F","A",27,1,2
"F","A",29,5,4
"F","A",28,10,5
"F","B",16,1,3
"M","A",16,1,4
"M","A",55,5,5
"F","B",18,5,3
"M","A",40,15,5
"F","B",19,7,5
"F","C",25,3,2
"M","C",21,23,5
"M","B",33,18,4
"M","B",17,8,5
"F","A",28,1,3
"F","B",27,5,4
"M","B",15,4,4
"F","B",26,15,3
"F","A",34,2,5
"F","B",27,7,5
"F","C",29,4,3
"M","B",20,9,5
"F","B",31,16,5
"F","C",26,5,4
"F","A",26,1,1
"M","A",27,8,3
"F","A",39,29,4
"F","A",47,8,4
"F","A",28,5,5
"M","B",15,7,5
"M","D",15,6,5
"M","A",23,9,4
"M","A",30,1,3
"M","A",21,9,5
"F","B",15,6,5
"M","B",39,29,5
"F","A",32,8,3
"M","B",31,1,4
"F","A",33,4,2
"F","B",47,12,5
"M","B",26,15,5
"F","A",21,3,5
"F","A",32,13,2
"F","C",17,6,5
"F","A",18,3,3
"F","A",23,14,3
"M","A",17,6,5
"M","C",23,14,4
"F","B",20,2,4
"F","C",27,4,3
"F","B",29,9,3
"M","C",18,6,5
"M","D",18,4,5
"F","B",37,4,3
"F","A",35,18,3
"M","A",15,1,3
"F","A",34,5,3
"F","B",39,8,5
"F","A",25,8,4
"F","C",15,7,5
"F","B",15,1,4
"M","A",32,15,3
"F","B",36,11,5
"M","A",29,1,3
"F","B",48,51,3
"M","B",21,4,4
"M","C",15,7,5
"F","B",19,7,4
"M","A",39,11,3
"F","A",22,8,4
"M","A",16,1,4
"F","B",22,3,3
"F","C",15,6,3
"F","A",16,1,4
"F","A",32,1,4
"F","B",34,6,5
"F","A",31,5,2
"M","A",26,11,4
"F","A",30,2,3
"M","C",46,19,5
"M","A",31,30,3
"M","B",24,10,5
"M","B",19,1,3
"M","B",28,6,3
"F","A",17,5,5
"F","B",32,0,4
"F","A",39,2,2
"F","B",24,15,3
"F","A",27,3,3
"F","A",38,5,5
"M","B",24,20,3
"F","A",16,2,3
"M","A",29,3,2
"M","A",41,23,3
"F","B",18,9,4
"F","A",17,9,3
"M","A",33,6,3
"M","A",16,2,3
"F","B",17,6,3
"F","B",46,26,5
"M","B",29,14,3
"M","B",21,5,5
"M","B",38,2,3
"M","D",31,6,3
"F","A",31,5,2
"M","B",25,14,5
"F","D",20,9,3
"F","B",23,7,3
"F","A",25,4,1
"F","C",20,6,5
"M","A",25,10,3
"F","B",30,6,3
"F","A",16,5,3
"F","C",23,9,4
"M","A",19,1,3
"M","B",26,3,2
"F","B",32,1,3
"M","A",23,9,4
"F","C",19,4,5
"F","B",44,7,5
"F","A",47,8,4
"M","B",16,10,5
"F","B",22,6,3
"M","B",16,4,3
"F","A",19,2,3
"M","A",18,4,3
"M","D",28,28,3
"F","C",25,14,4
"F","C",25,8,4
"M","C",26,5,5
"F","B",54,36,3
"F","A",27,11,4
"M","A",34,5,3
"F","B",26,1,4
"F","B",29,12,5
"M","B",42,26,5
"F","C",24,2,4
"M","A",31,2,3
"M","C",23,12,5
"M","C",18,11,5
"M","A",25,17,5
"M","A",30,0,3
"M","B",16,11,5
"F","A",47,7,3
"F","A",28,5,3
"F","D",18,5,4
"M","A",20,18,5
"F","B",15,5,5
"M","A",20,7,3
"F","A",26,17,5
"M","A",26,11,4
"M","B",16,7,5
"M","B",16,2,3
"F","D",17,13,5
"F","C",18,5,3
"M","C",25,7,5
"F","A",27,12,3
"M","A",19,8,4
"M","A",22,30,5
"M","B",21,11,4
"F","B",29,12,4
"F","B",20,2,3
"F","A",22,5,4
"F","A",26,2,3
"F","B",23,1,3
"F","B",16,1,4
"M","C",27,6,4
"F","D",36,18,3
"F","A",34,3,3
"F","B",21,18,4
"M","C",51,1,2
"F","A",26,1,1
"F","C",31,11,2
"F","B",19,10,3
"M","B",21,1,3
"F","C",23,20,5
"F","A",28,8,2
"F","B",15,5,5
"M","A",52,16,1
"F","B",16,7,4
"F","D",25,7,4
"F","A",20,16,5
"F","D",30,12,4
"M","B",15,1,3
"F","A",26,1,3
"F","B",31,9,4
"M","D",53,65,5
"M","D",24,10,4
"F","C",29,5,3
"M","A",48,19,3
"F","B",34,25,3
"F","B",26,10,3
"M","B",32,12,4
"M","A",31,4,2
"F","C",25,1,3
"F","A",36,2,3
"F","B",26,10,3
"F","A",32,13,5
"M","B",26,19,3
"M","C",15,2,3
"F","B",16,1,3
"M","C",24,26,5
"M","B",32,5,4
"M","A",32,5,2
"M","A",20,4,5
"F","C",22,12,5
"F","C",15,4,4
"F","B",35,18,3
"M","A",16,3,4
"F","B",27,9,4
"M","A",25,4,3
"F","A",27,2,4
"M","C",27,16,5
"M","B",17,7,4
"M","B",15,8,5
"F","A",30,1,1
"M","B",22,13,5
"M","B",20,10,3
"M","D",47,20,5
"F","B",19,8,4
"M","D",16,6,5
"F","B",20,9,3
"F","A",30,1,3
"F","B",30,7,4
"M","A",18,3,3
"F","B",28,10,4
"F","B",32,7,5
"M","B",17,5,5
"F","B",34,13,5
"M","C",19,7,5
"F","A",19,4,5
"F","B",35,11,5
"M","B",17,11,5
"F","A",25,3,2
"F","C",16,1,4
"F","C",16,14,5
"F","A",41,10,4
"F","A",32,13,3
"M","B",17,6,5
"F","A",17,2,3
"F","C",40,12,1
"M","B",24,12,5
"M","A",16,1,3
"M","A",21,3,4
"F","B",26,8,4
"F","B",31,17,3
"F","A",22,2,4
"F","B",32,5,5
"M","B",17,1,3
"F","B",20,4,3
"F","B",19,6,5
"F","B",19,6,5
"F","B",32,13,4
"M","B",21,14,5
"F","C",21,12,5
"F","B",15,10,5
"M","B",47,6,5
"M","A",26,8,4
"F","A",42,15,4
"M","B",15,1,3
"M","A",21,6,5
"M","A",17,5,3
"F","A",25,1,2
"M","B",17,2,3
"F","B",17,7,4
"F","C",23,27,5
"F","A",18,5,3
"M","A",18,4,3
"M","C",15,3,4
"M","D",19,4,3
"F","B",49,45,3
"F","B",39,16,3
"M","B",40,13,3
"M","C",31,33,5
"M","C",16,1,4
"F","C",20,8,3
"F","C",16,7,5
"F","B",15,1,3
"M","B",16,9,5
"F","B",15,6,5
"F","C",16,4,4
"F","C",22,14,5
"M","C",63,13,5
"M","A",17,3,3
"M","B",41,20,3
"F","C",24,7,3
"F","A",52,34,5
"F","B",22,17,5
"F","B",18,14,3
"M","B",21,7,4
"F","A",38,7,3
"M","C",15,9,5
"F","A",25,5,3
"F","D",21,3,3
"F","D",29,11,3
"F","B",16,3,3
"M","C",26,11,5
"M","C",40,20,4
"F","B",18,8,5
"M","C",27,5,5
"F","B",67,27,5
"M","A",24,4,5
"F","A",21,5,3
"F","C",24,8,5
"M","B",17,8,5
"F","B",24,13,5
"M","C",20,9,5
"F","A",31,10,4
"F","C",16,6,5
"M","C",20,4,5
"M","B",41,25,5
"F","A",29,11,4
"M","C",18,10,5
"F","A",25,6,3
"F","D",33,22,3
"M","B",16,6,3
"M","C",15,4,5
"F","A",20,4,5
"F","B",28,10,3
"M","B",15,11,5
"F","C",36,10,5
"F","A",18,1,4
"F","B",15,1,3
"M","B",16,20,5
"M","A",19,3,3
"F","B",27,17,5
"M","A",28,8,1
"M","C",27,16,5
"F","B",28,11,3
"M","A",19,5,4
"M","B",16,16,5
"F","A",25,3,3
"M","C",28,5,4
"M","B",30,5,5
"F","B",30,17,4
"F","B",23,14,5
"M","A",19,1,4
"F","C",49,5,5
"M","D",22,5,5
"F","A",27,5,3
"F","A",31,11,3
"F","A",27,6,5
"F","C",34,5,5
"F","B",31,8,5
"M","B",19,5,5
"F","B",21,6,5
"M","B",15,4,5
"M","B",50,23,3
"F","A",33,11,2
"F","A",37,1,3
"F","B",38,24,3
"M","D",28,5,4
"F","A",18,11,5
"F","B",23,9,3
"M","D",19,2,4
"M","C",28,10,3
"M","A",23,8,5
"M","B",30,12,5
"F","A",32,2,2
"M","A",15,1,3
"M","B",30,19,3
"M","B",16,1,3
"M","B",18,4,4
"F","C",36,4,2
"M","B",23,11,5
"F","B",29,15,5
"M","C",26,8,3
"F","B",31,10,4
"M","A",18,10,4
"M","D",21,7,5
"M","B",36,9,4
"M","C",17,6,5
"F","B",21,10,4
"F","D",15,15,5
"F","B",17,20,3
"M","B",31,13,3
"F","A",34,19,3
"M","B",27,8,3
"F","A",19,1,3
"F","B",26,30,3
"M","C",17,4,4
"M","C",15,1,3
"M","A",28,1,2
"F","A",18,7,5
"M","C",15,7,5
"M","A",18,3,4
"F","B",29,4,2
"F","B",16,3,4
"F","B",16,7,5
"F","A",26,2,4
"M","A",15,10,4
"F","B",27,11,3
"F","C",16,5,5
"F","D",18,4,3
"F","A",27,6,4
"F","C",24,9,4
"M","B",16,4,3
"F","A",25,0,2
"M","B",19,3,3
"F","A",29,2,1
"F","C",19,4,5
"F","B",17,11,3
"M","A",22,51,5
"F","B",25,5,5
"F","C",17,9,5
"F","A",20,3,4
"F","B",26,11,3
"M","B",23,7,4
"M","C",19,19,5
"F","A",16,2,3
"F","C",25,9,5
"F","D",27,4,2
"F","A",24,2,4
"M","A",30,2,3
"M","B",25,11,5
"F","A",28,7,3
"F","B",21,8,5
"M","D",21,5,3
"F","C",22,1,4
"M","B",21,8,4
"M","D",16,11,3
"F","A",26,6,3
"F","A",29,6,2
"M","B",34,13,3
"F","A",21,4,4
"M","C",19,14,5
"F","B",17,3,3
"F","C",23,6,5
"F","C",50,5,4
"M","A",15,1,4
"M","C",19,1,3
"F","A",30,14,4
"F","B",20,9,3
"F","A",22,1,4
"M","A",33,12,2
"F","A",28,8,3
"F","A",64,1,3
"F","B",24,15,4
"F","B",29,11,3
"F","A",23,1,4
"M","C",15,7,5
"M","C",18,11,5
"F","D",18,5,4
"F","D",18,9,5
"F","B",16,2,4
"F","B",16,6,3
"M","A",46,15,3
"M","C",15,13,5
"F","C",59,17,2
"M","B",28,10,5
"M","A",40,23,3
"M","A",22,2,3
"F","A",26,0,3
"F","B",38,51,5
"F","B",18,4,3
"F","B",25,7,4
"M","A",22,5,4
"F","A",17,5,4
"M","B",15,5,5
"F","C",28,3,3
"F","B",23,6,5
"M","C",20,5,3
"F","A",30,4,3
"M","A",29,12,4
"M","B",21,15,5
"F","A",28,1,3
"F","A",16,4,5
"F","C",30,7,4
"M","D",17,5,5
"F","C",25,6,5
"F","A",25,11,4
"F","A",35,22,2
"M","A",26,1,4
"M","C",33,17,3
"M","A",17,10,3
"F","A",42,10,4
"M","B",38,24,4
"M","A",18,7,5
"M","B",15,2,3
"M","D",15,6,5
"M","A",25,2,2
"F","A",31,14,4
"F","D",26,10,5
"F","A",28,23,4
"M","A",33,10,5
"F","B",15,2,3
"F","C",37,18,3
"F","C",15,1,3
"F","B",32,13,5
"F","A",46,35,4
"F","A",38,30,3
"F","C",17,3,3
"F","A",23,5,4
"M","B",16,3,3
"F","B",25,7,4
"M","B",22,13,4
"F","A",26,4,3
"F","A",42,14,3
"F","D",33,8,2
"F","C",24,10,5
"F","A",40,31,5
"F","B",30,1,1
"F","B",26,19,5
